mc	mn	quarterbeats	duration_qb	mc_onset	mn_onset	timesig	staff	voice	duration	gracenote	nominal_duration	scalar	tied	tpc	midi	name	octave	chord_id
1	1	0	3.0	0	0	9/8	3	1	3/4		1/2	3/2	1	8	68	G#4	4	3
1	1	0	3.0	0	0	9/8	1	1	3/4		1/2	3/2	1	8	80	G#5	5	0
1	1	0	3.0	0	0	9/8	1	1	3/4		1/2	3/2	1	8	92	G#6	6	0
1	1	3	1.5	3/4	3/4	9/8	2	1	3/8		1/4	3/2		3	57	A3	3	2
1	1	3	1.5	3/4	3/4	9/8	3	1	3/8		1/4	3/2	0	8	68	G#4	4	4
1	1	3	1.5	3/4	3/4	9/8	2	1	3/8		1/4	3/2		3	69	A4	4	2
1	1	3	1.5	3/4	3/4	9/8	1	1	3/8		1/4	3/2	0	8	80	G#5	5	1
1	1	3	1.5	3/4	3/4	9/8	1	1	3/8		1/4	3/2	0	8	92	G#6	6	1
2	2	9/2	1.0	0	0	9/8	3	2	1/4		1/4	1		8	32	G#1	1	10
2	2	9/2	3.0	0	0	9/8	3	1	3/4		1/2	3/2	0	8	68	G#4	4	8
2	2	9/2	3.0	0	0	9/8	1	1	3/4		1/2	3/2	0	8	80	G#5	5	5
2	2	9/2	3.0	0	0	9/8	1	1	3/4		1/2	3/2	0	8	92	G#6	6	5
2	2	15/2	1.5	3/4	3/4	9/8	2	1	3/8		1/4	3/2		3	57	A3	3	7
2	2	15/2	1.5	3/4	3/4	9/8	3	1	3/8		1/4	3/2	-1	8	68	G#4	4	9
2	2	15/2	1.5	3/4	3/4	9/8	2	1	3/8		1/4	3/2		3	69	A4	4	7
2	2	15/2	1.5	3/4	3/4	9/8	1	1	3/8		1/4	3/2	-1	8	80	G#5	5	6
2	2	15/2	1.5	3/4	3/4	9/8	1	1	3/8		1/4	3/2	-1	8	92	G#6	6	6
3	3	9	3.0	0	0	9/8	3	1	3/4		1/2	3/2	1	8	68	G#4	4	14
3	3	9	3.0	0	0	9/8	1	1	3/4		1/2	3/2	1	8	80	G#5	5	11
3	3	9	3.0	0	0	9/8	1	1	3/4		1/2	3/2	1	8	92	G#6	6	11
3	3	12	1.5	3/4	3/4	9/8	2	1	3/8		1/4	3/2		3	57	A3	3	13
3	3	12	1.5	3/4	3/4	9/8	3	1	3/8		1/4	3/2	-1	8	68	G#4	4	15
3	3	12	1.5	3/4	3/4	9/8	2	1	3/8		1/4	3/2		3	69	A4	4	13
3	3	12	1.5	3/4	3/4	9/8	1	1	3/8		1/4	3/2	-1	8	80	G#5	5	12
3	3	12	1.5	3/4	3/4	9/8	1	1	3/8		1/4	3/2	-1	8	92	G#6	6	12
4	4	27/2	3.0	0	0	9/8	1	1	3/4		1/2	3/2	1	8	68	G#4	4	16
4	4	15	0.5	3/8	3/8	9/8	2	1	1/8		1/8	1		2	62	D4	4	18
4	4	31/2	0.5	1/2	1/2	9/8	2	1	1/8		1/8	1		0	60	C4	4	19
4	4	16	0.5	5/8	5/8	9/8	2	1	1/8		1/8	1	1	5	59	B3	3	20
4	4	33/2	1.5	3/4	3/4	9/8	3	1	3/8		1/4	3/2		0	48	C3	3	24
4	4	33/2	0.5	3/4	3/4	9/8	2	1	1/8		1/8	1	-1	5	59	B3	3	21
4	4	33/2	1.5	3/4	3/4	9/8	2	2	3/8		1/4	3/2		5	59	B3	3	23
4	4	33/2	1.5	3/4	3/4	9/8	1	1	3/8		1/4	3/2	-1	8	68	G#4	4	17
4	4	17	1.0	7/8	7/8	9/8	2	1	1/4		1/4	1		4	64	E4	4	22
5	5	18	3.0	0	0	9/8	3	1	3/4		1/2	3/2		2	38	D2	2	32
5	5	18	3.0	0	0	9/8	1	1	3/4		1/2	3/2	1	8	68	G#4	4	25
5	5	37/2	1.0	1/8	1/8	9/8	2	2	1/4		1/4	1	1	3	57	A3	3	30
5	5	37/2	1.0	1/8	1/8	9/8	2	2	1/4		1/4	1	1	2	62	D4	4	30
5	5	37/2	0.5	1/8	1/8	9/8	2	1	1/8		1/8	1		4	64	E4	4	27
5	5	19	0.5	1/4	1/4	9/8	2	1	1/8		1/8	1	1	-1	65	F4	4	28
5	5	39/2	1.5	3/8	3/8	9/8	2	2	3/8		1/4	3/2	-1	3	57	A3	3	31
5	5	39/2	1.5	3/8	3/8	9/8	2	2	3/8		1/4	3/2	-1	2	62	D4	4	31
5	5	39/2	1.5	3/8	3/8	9/8	2	1	3/8		1/4	3/2	-1	-1	65	F4	4	29
5	5	21	1.5	3/4	3/4	9/8	3	1	3/8		1/4	3/2		0	36	C2	2	33
5	5	21	1.5	3/4	3/4	9/8	1	1	3/8		1/4	3/2	-1	8	68	G#4	4	26
6	6	45/2	3.0	0	0	9/8	3	2	3/4		1/2	3/2		-2	34	Bb1	1	43
6	6	45/2	3.0	0	0	9/8	1	1	3/4		1/2	3/2		8	56	G#3	3	34
6	6	45/2	3.0	0	0	9/8	1	1	3/4		1/2	3/2		8	68	G#4	4	34
6	6	23	0.5	1/8	1/8	9/8	3	1	1/8		1/8	1		4	52	E3	3	40
6	6	23	1.0	1/8	1/8	9/8	2	2	1/4		1/4	1	1	2	62	D4	4	38
6	6	23	0.5	1/8	1/8	9/8	2	1	1/8		1/8	1		4	64	E4	4	35
6	6	47/2	0.5	1/4	1/4	9/8	3	1	1/8		1/8	1	1	-1	53	F3	3	41
6	6	47/2	0.5	1/4	1/4	9/8	2	1	1/8		1/8	1	1	-1	65	F4	4	36
6	6	24	1.5	3/8	3/8	9/8	3	1	3/8		1/4	3/2	-1	-1	53	F3	3	42
6	6	24	1.5	3/8	3/8	9/8	2	2	3/8		1/4	3/2	-1	2	62	D4	4	39
6	6	24	1.5	3/8	3/8	9/8	2	1	3/8		1/4	3/2	-1	-1	65	F4	4	37
7	7	27	3.0	0	0	9/8	3	2	3/4		1/2	3/2	1	-1	41	F2	2	61
7	7	27	1.5	0	0	9/8	2	1	3/8		1/4	3/2	1	0	48	C3	3	45
7	7	27	1.5	0	0	9/8	3	1	3/8		1/4	3/2	1	0	48	C3	3	54
7	7	27	3.0	0	0	9/8	2	2	3/4		1/2	3/2		-2	58	Bb3	3	52
7	7	27	1.5	0	0	9/8	2	1	3/8		1/4	3/2	1	0	60	C4	4	45
7	7	28	0.5	1/4	1/4	9/8	1	1	1/8		1/8	1		-4	56	Ab3	3	44
7	7	28	0.5	1/4	1/4	9/8	1	1	1/8		1/8	1		-4	68	Ab4	4	44
7	7	57/2	0.5	3/8	3/8	9/8	3	3	1/8		1/8	1		-1	29	F1	1	63
7	7	57/2	1.0	3/8	3/8	9/8	2	1	1/4		1/4	1	0	0	48	C3	3	46
7	7	57/2	1.0	3/8	3/8	9/8	3	1	1/4		1/4	1	0	0	48	C3	3	55
7	7	57/2	1.0	3/8	3/8	9/8	2	1	1/4		1/4	1	0	0	60	C4	4	46
7	7	59/2	0.25	5/8	5/8	9/8	2	1	1/16		1/16	1	-1	0	48	C3	3	47
7	7	59/2	0.25	5/8	5/8	9/8	3	1	1/16		1/16	1	-1	0	48	C3	3	56
7	7	59/2	0.25	5/8	5/8	9/8	2	1	1/16		1/16	1	-1	0	60	C4	4	47
7	7	119/4	0.25	11/16	11/16	9/8	2	1	1/16		1/16	1		-5	49	Db3	3	48
7	7	119/4	0.25	11/16	11/16	9/8	3	1	1/16		1/16	1		-5	49	Db3	3	57
7	7	119/4	0.25	11/16	11/16	9/8	2	1	1/16		1/16	1		-5	61	Db4	4	48
7	7	30	1.5	3/4	3/4	9/8	3	2	3/8		1/4	3/2	-1	-1	41	F2	2	62
7	7	30	1.0	3/4	3/4	9/8	2	1	1/4		1/4	1	1	-5	49	Db3	3	49
7	7	30	1.0	3/4	3/4	9/8	3	1	1/4		1/4	1	1	-5	49	Db3	3	58
7	7	30	1.5	3/4	3/4	9/8	2	2	3/8		1/4	3/2		-2	58	Bb3	3	53
7	7	30	1.0	3/4	3/4	9/8	2	1	1/4		1/4	1	1	-5	61	Db4	4	49
7	7	31	0.25	1	1	9/8	2	1	1/16		1/16	1	-1	-5	49	Db3	3	50
7	7	31	0.25	1	1	9/8	3	1	1/16		1/16	1	-1	-5	49	Db3	3	59
7	7	31	0.25	1	1	9/8	2	1	1/16		1/16	1	-1	-5	61	Db4	4	50
7	7	125/4	0.25	17/16	17/16	9/8	2	1	1/16		1/16	1		2	50	D3	3	51
7	7	125/4	0.25	17/16	17/16	9/8	3	1	1/16		1/16	1		2	50	D3	3	60
7	7	125/4	0.25	17/16	17/16	9/8	2	1	1/16		1/16	1		2	62	D4	4	51
8	8	63/2	3.0	0	0	9/8	3	2	3/4		1/2	3/2	1	-1	41	F2	2	69
8	8	63/2	3.0	0	0	9/8	2	1	3/4		1/2	3/2		2	50	D3	3	65
8	8	63/2	3.0	0	0	9/8	3	1	3/4		1/2	3/2		2	50	D3	3	67
8	8	63/2	3.0	0	0	9/8	2	1	3/4		1/2	3/2		-2	58	Bb3	3	65
8	8	63/2	3.0	0	0	9/8	2	1	3/4		1/2	3/2		2	62	D4	4	65
8	8	65/2	0.5	1/4	1/4	9/8	1	1	1/8		1/8	1		-4	56	Ab3	3	64
8	8	65/2	0.5	1/4	1/4	9/8	1	1	1/8		1/8	1		-4	68	Ab4	4	64
8	8	33	0.5	3/8	3/8	9/8	3	3	1/8		1/8	1		-1	29	F1	1	71
8	8	69/2	1.5	3/4	3/4	9/8	3	2	3/8		1/4	3/2	-1	-1	41	F2	2	70
8	8	69/2	1.5	3/4	3/4	9/8	2	1	3/8		1/4	3/2	1	4	52	E3	3	66
8	8	69/2	1.5	3/4	3/4	9/8	3	1	3/8		1/4	3/2		4	52	E3	3	68
8	8	69/2	1.5	3/4	3/4	9/8	2	1	3/8		1/4	3/2	1	-2	58	Bb3	3	66
8	8	69/2	1.5	3/4	3/4	9/8	2	1	3/8		1/4	3/2	1	4	64	E4	4	66
9	9	36	3.0	0	0	9/8	3	2	3/4		1/2	3/2	1	-1	41	F2	2	84
9	9	36	1.0	0	0	9/8	2	1	1/4		1/4	1	0	4	52	E3	3	73
9	9	36	1.0	0	0	9/8	3	1	1/4		1/4	1		4	52	E3	3	79
9	9	36	3.0	0	0	9/8	2	2	3/4		1/2	3/2	-1	-2	58	Bb3	3	78
9	9	36	1.0	0	0	9/8	2	1	1/4		1/4	1	0	4	64	E4	4	73
9	9	37	0.25	1/4	1/4	9/8	2	1	1/16		1/16	1	-1	4	52	E3	3	74
9	9	37	0.25	1/4	1/4	9/8	3	1	1/16		1/16	1		4	52	E3	3	80
9	9	37	0.5	1/4	1/4	9/8	1	1	1/8		1/8	1		-4	56	Ab3	3	72
9	9	37	0.25	1/4	1/4	9/8	2	1	1/16		1/16	1	-1	4	64	E4	4	74
9	9	37	0.5	1/4	1/4	9/8	1	1	1/8		1/8	1		-4	68	Ab4	4	72
9	9	149/4	0.25	5/16	5/16	9/8	2	1	1/16		1/16	1		-1	53	F3	3	75
9	9	149/4	0.25	5/16	5/16	9/8	3	1	1/16		1/16	1		-1	53	F3	3	81
9	9	149/4	0.25	5/16	5/16	9/8	2	1	1/16		1/16	1		-1	65	F4	4	75
9	9	75/2	0.5	3/8	3/8	9/8	3	3	1/8		1/8	1		-1	29	F1	1	86
9	9	75/2	1.5	3/8	3/8	9/8	2	1	3/8		1/4	3/2		4	52	E3	3	76
9	9	75/2	1.5	3/8	3/8	9/8	3	1	3/8		1/4	3/2		4	52	E3	3	82
9	9	75/2	1.5	3/8	3/8	9/8	2	1	3/8		1/4	3/2		4	64	E4	4	76
9	9	39	1.5	3/4	3/4	9/8	3	2	3/8		1/4	3/2	-1	-1	41	F2	2	85
9	9	39	1.5	3/4	3/4	9/8	2	1	3/8		1/4	3/2		2	50	D3	3	77
9	9	39	1.5	3/4	3/4	9/8	3	1	3/8		1/4	3/2		2	50	D3	3	83
9	9	39	1.5	3/4	3/4	9/8	2	1	3/8		1/4	3/2		2	62	D4	4	77
10	10	81/2	3.0	0	0	9/8	3	1	3/4		1/2	3/2	1	-1	41	F2	2	91
10	10	81/2	3.0	0	0	9/8	3	1	3/4		1/2	3/2	1	-4	44	Ab2	2	91
10	10	81/2	3.0	0	0	9/8	2	1	3/4		1/2	3/2	1	-5	49	Db3	3	89
10	10	81/2	3.0	0	0	9/8	3	1	3/4		1/2	3/2	1	-1	53	F3	3	91
10	10	81/2	3.0	0	0	9/8	2	1	3/4		1/2	3/2	1	-2	58	Bb3	3	89
10	10	81/2	3.0	0	0	9/8	2	1	3/4		1/2	3/2	1	-5	61	Db4	4	89
10	10	83/2	0.5	1/4	1/4	9/8	1	1	1/8		1/8	1		-4	56	Ab3	3	87
10	10	83/2	0.5	1/4	1/4	9/8	1	1	1/8		1/8	1		-4	68	Ab4	4	87
10	10	42	0.5	3/8	3/8	9/8	3	3	1/8		1/8	1		-1	29	F1	1	93
10	10	87/2	1.5	3/4	3/4	9/8	3	1	3/8		1/4	3/2	-1	-1	41	F2	2	92
10	10	87/2	1.5	3/4	3/4	9/8	3	1	3/8		1/4	3/2	-1	-4	44	Ab2	2	92
10	10	87/2	1.5	3/4	3/4	9/8	2	1	3/8		1/4	3/2	-1	-5	49	Db3	3	90
10	10	87/2	1.5	3/4	3/4	9/8	3	1	3/8		1/4	3/2	-1	-1	53	F3	3	92
10	10	87/2	1.5	3/4	3/4	9/8	2	1	3/8		1/4	3/2	-1	-2	58	Bb3	3	90
10	10	87/2	1.5	3/4	3/4	9/8	2	1	3/8		1/4	3/2	-1	-5	61	Db4	4	90
10	10	89/2	0.5	1	1	9/8	1	1	1/8		1/8	1		-4	56	Ab3	3	88
10	10	89/2	0.5	1	1	9/8	1	1	1/8		1/8	1		-4	68	Ab4	4	88
11	11	45	3.0	0	0	9/8	3	2	3/4		1/2	3/2	1	-1	41	F2	2	111
11	11	45	1.5	0	0	9/8	2	1	3/8		1/4	3/2	1	-5	49	Db3	3	95
11	11	45	1.5	0	0	9/8	3	1	3/8		1/4	3/2	1	-5	49	Db3	3	104
11	11	45	3.0	0	0	9/8	2	2	3/4		1/2	3/2		-4	56	Ab3	3	102
11	11	45	3.0	0	0	9/8	2	2	3/4		1/2	3/2		-2	58	Bb3	3	102
11	11	45	1.5	0	0	9/8	2	1	3/8		1/4	3/2	1	-5	61	Db4	4	95
11	11	46	0.5	1/4	1/4	9/8	1	1	1/8		1/8	1		-4	56	Ab3	3	94
11	11	46	0.5	1/4	1/4	9/8	1	1	1/8		1/8	1		-4	68	Ab4	4	94
11	11	93/2	0.5	3/8	3/8	9/8	3	3	1/8		1/8	1		-1	29	F1	1	113
11	11	93/2	1.0	3/8	3/8	9/8	2	1	1/4		1/4	1	0	-5	49	Db3	3	96
11	11	93/2	1.0	3/8	3/8	9/8	3	1	1/4		1/4	1	0	-5	49	Db3	3	105
11	11	93/2	1.0	3/8	3/8	9/8	2	1	1/4		1/4	1	0	-5	61	Db4	4	96
11	11	95/2	0.25	5/8	5/8	9/8	2	1	1/16		1/16	1	-1	-5	49	Db3	3	97
11	11	95/2	0.25	5/8	5/8	9/8	3	1	1/16		1/16	1	-1	-5	49	Db3	3	106
11	11	95/2	0.25	5/8	5/8	9/8	2	1	1/16		1/16	1	-1	-5	61	Db4	4	97
11	11	191/4	0.25	11/16	11/16	9/8	2	1	1/16		1/16	1		-3	51	Eb3	3	98
11	11	191/4	0.25	11/16	11/16	9/8	3	1	1/16		1/16	1		-3	51	Eb3	3	107
11	11	191/4	0.25	11/16	11/16	9/8	2	1	1/16		1/16	1		-3	63	Eb4	4	98
11	11	48	1.5	3/4	3/4	9/8	3	2	3/8		1/4	3/2	-1	-1	41	F2	2	112
11	11	48	1.0	3/4	3/4	9/8	2	1	1/4		1/4	1	1	-3	51	Eb3	3	99
11	11	48	1.0	3/4	3/4	9/8	3	1	1/4		1/4	1	1	-3	51	Eb3	3	108
11	11	48	1.5	3/4	3/4	9/8	2	2	3/8		1/4	3/2		-4	56	Ab3	3	103
11	11	48	1.5	3/4	3/4	9/8	2	2	3/8		1/4	3/2		-2	58	Bb3	3	103
11	11	48	1.0	3/4	3/4	9/8	2	1	1/4		1/4	1	1	-3	63	Eb4	4	99
11	11	49	0.25	1	1	9/8	2	1	1/16		1/16	1	-1	-3	51	Eb3	3	100
11	11	49	0.25	1	1	9/8	3	1	1/16		1/16	1	-1	-3	51	Eb3	3	109
11	11	49	0.25	1	1	9/8	2	1	1/16		1/16	1	-1	-3	63	Eb4	4	100
11	11	197/4	0.25	17/16	17/16	9/8	2	1	1/16		1/16	1		-1	53	F3	3	101
11	11	197/4	0.25	17/16	17/16	9/8	3	1	1/16		1/16	1		-1	53	F3	3	110
11	11	197/4	0.25	17/16	17/16	9/8	2	1	1/16		1/16	1		-1	65	F4	4	101
12	12	99/2	3.0	0	0	9/8	3	1	3/4		1/2	3/2	1	-2	46	Bb2	2	119
12	12	99/2	3.0	0	0	9/8	2	1	3/4		1/2	3/2		-1	53	F3	3	117
12	12	99/2	3.0	0	0	9/8	3	1	3/4		1/2	3/2	1	-1	53	F3	3	119
12	12	99/2	3.0	0	0	9/8	2	1	3/4		1/2	3/2		-2	58	Bb3	3	117
12	12	99/2	3.0	0	0	9/8	2	1	3/4		1/2	3/2		0	60	C4	4	117
12	12	99/2	3.0	0	0	9/8	2	1	3/4		1/2	3/2		-1	65	F4	4	117
12	12	50	0.5	1/8	1/8	9/8	1	1	1/8		1/8	1		-4	68	Ab4	4	114
12	12	50	0.5	1/8	1/8	9/8	1	1	1/8		1/8	1		-4	80	Ab5	5	114
12	12	101/2	0.5	1/4	1/4	9/8	1	1	1/8		1/8	1		0	60	C4	4	115
12	12	101/2	0.5	1/4	1/4	9/8	1	1	1/8		1/8	1		0	72	C5	5	115
12	12	51	0.5	3/8	3/8	9/8	3	3	1/8		1/8	1		-2	34	Bb1	1	121
12	12	51	1.0	3/8	3/8	9/8	1	1	1/4		1/4	1		2	74	D5	5	116
12	12	51	1.0	3/8	3/8	9/8	1	1	1/4		1/4	1		2	86	D6	6	116
12	12	105/2	1.5	3/4	3/4	9/8	3	1	3/8		1/4	3/2	-1	-2	46	Bb2	2	120
12	12	105/2	1.5	3/4	3/4	9/8	3	1	3/8		1/4	3/2	-1	-1	53	F3	3	120
12	12	105/2	1.5	3/4	3/4	9/8	2	1	3/8		1/4	3/2	1	1	55	G3	3	118
12	12	105/2	1.5	3/4	3/4	9/8	2	1	3/8		1/4	3/2	1	1	67	G4	4	118
13	13	54	3.0	0	0	9/8	3	1	3/4		1/2	3/2	1	-2	46	Bb2	2	129
13	13	54	1.0	0	0	9/8	2	1	1/4		1/4	1	-1	1	55	G3	3	125
13	13	54	1.0	0	0	9/8	2	1	1/4		1/4	1		-2	58	Bb3	3	125
13	13	54	1.0	0	0	9/8	2	1	1/4		1/4	1		0	60	C4	4	125
13	13	54	1.0	0	0	9/8	2	1	1/4		1/4	1	-1	1	67	G4	4	125
13	13	109/2	0.5	1/8	1/8	9/8	1	1	1/8		1/8	1		-4	68	Ab4	4	122
13	13	109/2	0.5	1/8	1/8	9/8	1	1	1/8		1/8	1		-4	80	Ab5	5	122
13	13	55	0.5	1/4	1/4	9/8	2	1	1/8		1/8	1		-4	56	Ab3	3	126
13	13	55	0.5	1/4	1/4	9/8	1	1	1/8		1/8	1		0	60	C4	4	123
13	13	55	0.5	1/4	1/4	9/8	2	1	1/8		1/8	1		-4	68	Ab4	4	126
13	13	55	0.5	1/4	1/4	9/8	1	1	1/8		1/8	1		0	72	C5	5	123
13	13	111/2	1.5	3/8	3/8	9/8	2	1	3/8		1/4	3/2		1	55	G3	3	127
13	13	111/2	1.5	3/8	3/8	9/8	2	1	3/8		1/4	3/2		1	67	G4	4	127
13	13	111/2	1.0	3/8	3/8	9/8	1	1	1/4		1/4	1		2	74	D5	5	124
13	13	111/2	1.0	3/8	3/8	9/8	1	1	1/4		1/4	1		2	86	D6	6	124
13	13	57	1.5	3/4	3/4	9/8	3	1	3/8		1/4	3/2	-1	-2	46	Bb2	2	130
13	13	57	1.5	3/4	3/4	9/8	2	1	3/8		1/4	3/2		-1	53	F3	3	128
13	13	57	1.5	3/4	3/4	9/8	2	1	3/8		1/4	3/2		-1	65	F4	4	128
14	14	117/2	3.0	0	0	9/8	3	1	3/4		1/2	3/2		4	40	E2	2	138
14	14	117/2	3.0	0	0	9/8	2	1	3/4		1/2	3/2	1	-4	56	Ab3	3	136
14	14	59	1.0	1/8	1/8	9/8	1	2	1/4		1/4	1	1	2	62	D4	4	134
14	14	59	0.5	1/8	1/8	9/8	1	1	1/8		1/8	1		4	64	E4	4	131
14	14	119/2	0.5	1/4	1/4	9/8	1	1	1/8		1/8	1		-1	65	F4	4	132
14	14	60	1.5	3/8	3/8	9/8	1	2	3/8		1/4	3/2	-1	2	62	D4	4	135
14	14	60	1.5	3/8	3/8	9/8	1	1	3/8		1/4	3/2		-1	65	F4	4	133
14	14	123/2	1.5	3/4	3/4	9/8	2	1	3/8		1/4	3/2	-1	-4	56	Ab3	3	137
15	15	63	0.5	0	0	3/4	1	1	1/8		1/8	1		6	54	F#3	3	139
15	15	63	1.0	0	0	3/4	1	2	1/4		1/4	1		8	56	G#3	3	145
15	15	63	1.0	0	0	3/4	1	2	1/4		1/4	1		5	59	B3	3	145
15	15	63	1.0	0	0	3/4	1	2	1/4		1/4	1		9	63	D#4	4	145
15	15	63	1.0	0	0	3/4	3	1	1/4		1/4	1		8	68	G#4	4	148
15	15	63	1.0	0	0	3/4	3	1	1/4		1/4	1		5	71	B4	4	148
15	15	63	1.0	0	0	3/4	3	1	1/4		1/4	1		9	75	D#5	5	148
15	15	127/2	0.5	1/8	1/8	3/4	1	1	1/8		1/8	1		-1	53	F3	3	140
15	15	64	0.5	1/4	1/4	3/4	1	1	1/8		1/8	1		4	52	E3	3	141
15	15	64	1.0	1/4	1/4	3/4	1	2	1/4		1/4	1		6	54	F#3	3	146
15	15	64	1.0	1/4	1/4	3/4	1	2	1/4		1/4	1		3	57	A3	3	146
15	15	64	1.0	1/4	1/4	3/4	1	2	1/4		1/4	1		7	61	C#4	4	146
15	15	64	1.0	1/4	1/4	3/4	3	1	1/4		1/4	1		6	66	F#4	4	149
15	15	64	1.0	1/4	1/4	3/4	3	1	1/4		1/4	1		3	69	A4	4	149
15	15	64	1.0	1/4	1/4	3/4	3	1	1/4		1/4	1		7	73	C#5	5	149
15	15	129/2	0.5	3/8	3/8	3/4	1	1	1/8		1/8	1		9	51	D#3	3	142
15	15	65	0.5	1/2	1/2	3/4	1	1	1/8		1/8	1		2	50	D3	3	143
15	15	65	1.0	1/2	1/2	3/4	1	2	1/4		1/4	1	1	6	54	F#3	3	147
15	15	65	1.0	1/2	1/2	3/4	1	2	1/4		1/4	1	1	8	56	G#3	3	147
15	15	65	1.0	1/2	1/2	3/4	3	1	1/4		1/4	1	1	6	66	F#4	4	150
15	15	65	1.0	1/2	1/2	3/4	3	1	1/4		1/4	1	1	8	68	G#4	4	150
15	15	131/2	0.5	5/8	5/8	3/4	1	1	1/8		1/8	1		7	49	C#3	3	144
16	16	66	0.5	0	0	3/4	1	1	1/8		1/8	1		12	48	B#2	2	151
16	16	66	1.0	0	0	3/4	1	2	1/4		1/4	1	-1	6	54	F#3	3	157
16	16	66	1.0	0	0	3/4	1	2	1/4		1/4	1	-1	8	56	G#3	3	157
16	16	66	1.0	0	0	3/4	3	1	1/4		1/4	1	-1	6	66	F#4	4	159
16	16	66	1.0	0	0	3/4	3	1	1/4		1/4	1	-1	8	68	G#4	4	159
16	16	133/2	0.5	1/8	1/8	3/4	1	1	1/8		1/8	1		7	49	C#3	3	152
16	16	67	0.5	1/4	1/4	3/4	1	1	1/8		1/8	1		2	50	D3	3	153
16	16	67	2.0	1/4	1/4	3/4	1	2	1/2		1/2	1		8	56	G#3	3	158
16	16	67	2.0	1/4	1/4	3/4	1	2	1/2		1/2	1		5	59	B3	3	158
16	16	67	2.0	1/4	1/4	3/4	3	1	1/2		1/2	1		4	64	E4	4	160
16	16	67	2.0	1/4	1/4	3/4	3	1	1/2		1/2	1		8	68	G#4	4	160
16	16	67	2.0	1/4	1/4	3/4	3	1	1/2		1/2	1		5	71	B4	4	160
16	16	135/2	0.5	3/8	3/8	3/4	1	1	1/8		1/8	1		9	51	D#3	3	154
16	16	68	0.5	1/2	1/2	3/4	1	1	1/8		1/8	1		4	52	E3	3	155
16	16	137/2	0.5	5/8	5/8	3/4	1	1	1/8		1/8	1		11	53	E#3	3	156
17	17	69	0.5	0	0	3/4	1	1	1/8		1/8	1		6	54	F#3	3	161
17	17	69	1.0	0	0	3/4	1	2	1/4		1/4	1		8	56	G#3	3	167
17	17	69	1.0	0	0	3/4	1	2	1/4		1/4	1		5	59	B3	3	167
17	17	69	1.0	0	0	3/4	1	2	1/4		1/4	1		9	63	D#4	4	167
17	17	69	1.0	0	0	3/4	3	1	1/4		1/4	1		8	68	G#4	4	170
17	17	69	1.0	0	0	3/4	3	1	1/4		1/4	1		5	71	B4	4	170
17	17	69	1.0	0	0	3/4	3	1	1/4		1/4	1		9	75	D#5	5	170
17	17	139/2	0.5	1/8	1/8	3/4	1	1	1/8		1/8	1		-1	53	F3	3	162
17	17	70	0.5	1/4	1/4	3/4	1	1	1/8		1/8	1		4	52	E3	3	163
17	17	70	1.0	1/4	1/4	3/4	1	2	1/4		1/4	1		6	54	F#3	3	168
17	17	70	1.0	1/4	1/4	3/4	1	2	1/4		1/4	1		3	57	A3	3	168
17	17	70	1.0	1/4	1/4	3/4	1	2	1/4		1/4	1		7	61	C#4	4	168
17	17	70	1.0	1/4	1/4	3/4	3	1	1/4		1/4	1		6	66	F#4	4	171
17	17	70	1.0	1/4	1/4	3/4	3	1	1/4		1/4	1		3	69	A4	4	171
17	17	70	1.0	1/4	1/4	3/4	3	1	1/4		1/4	1		7	73	C#5	5	171
17	17	141/2	0.5	3/8	3/8	3/4	1	1	1/8		1/8	1		6	54	F#3	3	164
17	17	71	0.5	1/2	1/2	3/4	1	1	1/8		1/8	1		3	57	A3	3	165
17	17	71	1.0	1/2	1/2	3/4	1	2	1/4		1/4	1		7	61	C#4	4	169
17	17	71	1.0	1/2	1/2	3/4	1	2	1/4		1/4	1	1	4	64	E4	4	169
17	17	71	1.0	1/2	1/2	3/4	1	2	1/4		1/4	1	1	8	68	G#4	4	169
17	17	71	1.0	1/2	1/2	3/4	3	1	1/4		1/4	1	1	7	73	C#5	5	172
17	17	71	1.0	1/2	1/2	3/4	3	1	1/4		1/4	1	1	4	76	E5	5	172
17	17	71	1.0	1/2	1/2	3/4	3	1	1/4		1/4	1	1	8	80	G#5	5	172
17	17	143/2	0.5	5/8	5/8	3/4	1	1	1/8		1/8	1		5	59	B3	3	166
18	18	72	0.5	0	0	3/4	1	1	1/8		1/8	1		12	60	B#3	3	173
18	18	72	1.0	0	0	3/4	1	2	1/4		1/4	1	-1	4	64	E4	4	179
18	18	72	1.0	0	0	3/4	1	2	1/4		1/4	1	-1	8	68	G#4	4	179
18	18	72	1.0	0	0	3/4	3	1	1/4		1/4	1	-1	7	73	C#5	5	181
18	18	72	1.0	0	0	3/4	3	1	1/4		1/4	1	-1	4	76	E5	5	181
18	18	72	1.0	0	0	3/4	3	1	1/4		1/4	1	-1	8	80	G#5	5	181
18	18	145/2	0.5	1/8	1/8	3/4	1	1	1/8		1/8	1		7	61	C#4	4	174
18	18	73	0.5	1/4	1/4	3/4	1	1	1/8		1/8	1		2	62	D4	4	175
18	18	73	2.0	1/4	1/4	3/4	1	2	1/2		1/2	1		4	64	E4	4	180
18	18	73	2.0	1/4	1/4	3/4	1	2	1/2		1/2	1		1	67	G4	4	180
18	18	73	2.0	1/4	1/4	3/4	1	2	1/2		1/2	1		5	71	B4	4	180
18	18	73	2.0	1/4	1/4	3/4	3	1	1/2		1/2	1		4	76	E5	5	182
18	18	73	2.0	1/4	1/4	3/4	3	1	1/2		1/2	1		1	79	G5	5	182
18	18	73	2.0	1/4	1/4	3/4	3	1	1/2		1/2	1		5	83	B5	5	182
18	18	147/2	0.5	3/8	3/8	3/4	1	1	1/8		1/8	1		9	63	D#4	4	176
18	18	74	0.5	1/2	1/2	3/4	1	1	1/8		1/8	1		4	64	E4	4	177
18	18	149/2	0.5	5/8	5/8	3/4	1	1	1/8		1/8	1		11	65	E#4	4	178
19	19	75	0.5	0	0	3/4	1	1	1/8		1/8	1		6	66	F#4	4	183
19	19	75	1.0	0	0	3/4	1	2	1/4		1/4	1		8	68	G#4	4	189
19	19	75	1.0	0	0	3/4	1	2	1/4		1/4	1		5	71	B4	4	189
19	19	75	1.0	0	0	3/4	1	2	1/4		1/4	1		9	75	D#5	5	189
19	19	75	1.0	0	0	3/4	3	1	1/4		1/4	1		8	80	G#5	5	192
19	19	75	1.0	0	0	3/4	3	1	1/4		1/4	1		5	83	B5	5	192
19	19	75	1.0	0	0	3/4	3	1	1/4		1/4	1		9	87	D#6	6	192
19	19	151/2	0.5	1/8	1/8	3/4	1	1	1/8		1/8	1		-1	65	F4	4	184
19	19	76	0.5	1/4	1/4	3/4	1	1	1/8		1/8	1		4	64	E4	4	185
19	19	76	1.0	1/4	1/4	3/4	1	2	1/4		1/4	1		6	66	F#4	4	190
19	19	76	1.0	1/4	1/4	3/4	1	2	1/4		1/4	1		3	69	A4	4	190
19	19	76	1.0	1/4	1/4	3/4	1	2	1/4		1/4	1		7	73	C#5	5	190
19	19	76	1.0	1/4	1/4	3/4	3	1	1/4		1/4	1		6	78	F#5	5	193
19	19	76	1.0	1/4	1/4	3/4	3	1	1/4		1/4	1		3	81	A5	5	193
19	19	76	1.0	1/4	1/4	3/4	3	1	1/4		1/4	1		7	85	C#6	6	193
19	19	153/2	0.5	3/8	3/8	3/4	1	1	1/8		1/8	1		-3	63	Eb4	4	186
19	19	77	0.5	1/2	1/2	3/4	1	1	1/8		1/8	1		2	62	D4	4	187
19	19	77	1.0	1/2	1/2	3/4	1	2	1/4		1/4	1		-1	65	F4	4	191
19	19	77	1.0	1/2	1/2	3/4	1	2	1/4		1/4	1		3	69	A4	4	191
19	19	77	1.0	1/2	1/2	3/4	3	1	1/4		1/4	1		2	74	D5	5	194
19	19	77	1.0	1/2	1/2	3/4	3	1	1/4		1/4	1		-1	77	F5	5	194
19	19	77	1.0	1/2	1/2	3/4	3	1	1/4		1/4	1		3	81	A5	5	194
19	19	155/2	0.5	5/8	5/8	3/4	1	1	1/8		1/8	1		7	61	C#4	4	188
20	20	78	0.5	0	0	3/4	1	1	1/8		1/8	1		0	60	C4	4	195
20	20	78	1.0	0	0	3/4	1	2	1/4		1/4	1		2	62	D4	4	201
20	20	78	1.0	0	0	3/4	1	2	1/4		1/4	1		-1	65	F4	4	201
20	20	78	0.5	0	0	3/4	3	2	1/8		1/8	1		0	72	C5	5	205
20	20	78	1.0	0	0	3/4	3	1	1/4		1/4	1		2	74	D5	5	203
20	20	78	1.0	0	0	3/4	3	1	1/4		1/4	1		-1	77	F5	5	203
20	20	157/2	0.5	1/8	1/8	3/4	1	1	1/8		1/8	1		-2	58	Bb3	3	196
20	20	157/2	0.5	1/8	1/8	3/4	3	2	1/8		1/8	1		-2	70	Bb4	4	206
20	20	79	0.5	1/4	1/4	3/4	1	1	1/8		1/8	1		-4	56	Ab3	3	197
20	20	79	2.0	1/4	1/4	3/4	1	2	1/2		1/2	1		2	62	D4	4	202
20	20	79	0.5	1/4	1/4	3/4	3	2	1/8		1/8	1		-4	68	Ab4	4	207
20	20	79	2.0	1/4	1/4	3/4	3	1	1/2		1/2	1		0	72	C5	5	204
20	20	79	2.0	1/4	1/4	3/4	3	1	1/2		1/2	1		2	74	D5	5	204
20	20	159/2	0.5	3/8	3/8	3/4	1	1	1/8		1/8	1		1	55	G3	3	198
20	20	80	0.5	1/2	1/2	3/4	1	1	1/8		1/8	1		-4	56	Ab3	3	199
20	20	161/2	0.5	5/8	5/8	3/4	1	1	1/8		1/8	1		1	55	G3	3	200
21	21	81	0.5	0	0	3/4	1	1	1/8		1/8	1		6	54	F#3	3	208
21	21	81	1.0	0	0	3/4	1	2	1/4		1/4	1		8	56	G#3	3	214
21	21	81	1.0	0	0	3/4	1	2	1/4		1/4	1		5	59	B3	3	214
21	21	81	1.0	0	0	3/4	1	2	1/4		1/4	1		9	63	D#4	4	214
21	21	81	1.0	0	0	3/4	3	1	1/4		1/4	1		8	68	G#4	4	217
21	21	81	1.0	0	0	3/4	3	1	1/4		1/4	1		5	71	B4	4	217
21	21	81	1.0	0	0	3/4	3	1	1/4		1/4	1		9	75	D#5	5	217
21	21	163/2	0.5	1/8	1/8	3/4	1	1	1/8		1/8	1		-1	53	F3	3	209
21	21	82	0.5	1/4	1/4	3/4	1	1	1/8		1/8	1		4	52	E3	3	210
21	21	82	1.0	1/4	1/4	3/4	1	2	1/4		1/4	1		6	54	F#3	3	215
21	21	82	1.0	1/4	1/4	3/4	1	2	1/4		1/4	1		3	57	A3	3	215
21	21	82	1.0	1/4	1/4	3/4	1	2	1/4		1/4	1		7	61	C#4	4	215
21	21	82	1.0	1/4	1/4	3/4	3	1	1/4		1/4	1		6	66	F#4	4	218
21	21	82	1.0	1/4	1/4	3/4	3	1	1/4		1/4	1		3	69	A4	4	218
21	21	82	1.0	1/4	1/4	3/4	3	1	1/4		1/4	1		7	73	C#5	5	218
21	21	165/2	0.5	3/8	3/8	3/4	1	1	1/8		1/8	1		9	51	D#3	3	211
21	21	83	0.5	1/2	1/2	3/4	1	1	1/8		1/8	1		2	50	D3	3	212
21	21	83	1.0	1/2	1/2	3/4	1	2	1/4		1/4	1		6	54	F#3	3	216
21	21	83	1.0	1/2	1/2	3/4	1	2	1/4		1/4	1		8	56	G#3	3	216
21	21	83	1.0	1/2	1/2	3/4	3	1	1/4		1/4	1		6	66	F#4	4	219
21	21	83	1.0	1/2	1/2	3/4	3	1	1/4		1/4	1		8	68	G#4	4	219
21	21	167/2	0.5	5/8	5/8	3/4	1	1	1/8		1/8	1		7	49	C#3	3	213
22	22	84	0.5	0	0	3/4	1	1	1/8		1/8	1		6	54	F#3	3	220
22	22	84	1.0	0	0	3/4	1	2	1/4		1/4	1		8	56	G#3	3	226
22	22	84	1.0	0	0	3/4	1	2	1/4		1/4	1		5	59	B3	3	226
22	22	84	1.0	0	0	3/4	1	2	1/4		1/4	1		9	63	D#4	4	226
22	22	84	1.0	0	0	3/4	3	1	1/4		1/4	1		8	68	G#4	4	229
22	22	84	1.0	0	0	3/4	3	1	1/4		1/4	1		5	71	B4	4	229
22	22	84	1.0	0	0	3/4	3	1	1/4		1/4	1		9	75	D#5	5	229
22	22	169/2	0.5	1/8	1/8	3/4	1	1	1/8		1/8	1		-1	53	F3	3	221
22	22	85	0.5	1/4	1/4	3/4	1	1	1/8		1/8	1		4	52	E3	3	222
22	22	85	1.0	1/4	1/4	3/4	1	2	1/4		1/4	1		-1	53	F3	3	227
22	22	85	1.0	1/4	1/4	3/4	1	2	1/4		1/4	1		3	57	A3	3	227
22	22	85	1.0	1/4	1/4	3/4	1	2	1/4		1/4	1		7	61	C#4	4	227
22	22	85	1.0	1/4	1/4	3/4	3	1	1/4		1/4	1		6	66	F#4	4	230
22	22	85	1.0	1/4	1/4	3/4	3	1	1/4		1/4	1		3	69	A4	4	230
22	22	85	1.0	1/4	1/4	3/4	3	1	1/4		1/4	1		7	73	C#5	5	230
22	22	171/2	0.5	3/8	3/8	3/4	1	1	1/8		1/8	1		11	53	E#3	3	223
22	22	86	0.5	1/2	1/2	3/4	1	1	1/8		1/8	1		-1	53	F3	3	224
22	22	86	1.0	1/2	1/2	3/4	1	2	1/4		1/4	1	1	3	57	A3	3	228
22	22	86	1.0	1/2	1/2	3/4	1	2	1/4		1/4	1	1	0	60	C4	4	228
22	22	86	1.0	1/2	1/2	3/4	1	2	1/4		1/4	1	1	4	64	E4	4	228
22	22	86	1.0	1/2	1/2	3/4	3	1	1/4		1/4	1	1	3	69	A4	4	231
22	22	86	1.0	1/2	1/2	3/4	3	1	1/4		1/4	1	1	0	72	C5	5	231
22	22	86	1.0	1/2	1/2	3/4	3	1	1/4		1/4	1	1	4	76	E5	5	231
22	22	173/2	0.5	5/8	5/8	3/4	1	1	1/8		1/8	1		1	55	G3	3	225
23	23	87	0.5	0	0	3/4	1	1	1/8		1/8	1		8	56	G#3	3	232
23	23	87	3.0	0	0	3/4	1	2	3/4		1/2	3/2	-1	3	57	A3	3	238
23	23	87	3.0	0	0	3/4	1	2	3/4		1/2	3/2	-1	0	60	C4	4	238
23	23	87	3.0	0	0	3/4	1	2	3/4		1/2	3/2	-1	4	64	E4	4	238
23	23	87	2.0	0	0	3/4	3	1	1/2		1/2	1	-1	3	69	A4	4	239
23	23	87	2.0	0	0	3/4	3	1	1/2		1/2	1	-1	0	72	C5	5	239
23	23	87	2.0	0	0	3/4	3	1	1/2		1/2	1	-1	4	76	E5	5	239
23	23	175/2	0.5	1/8	1/8	3/4	1	1	1/8		1/8	1		3	57	A3	3	233
23	23	88	0.5	1/4	1/4	3/4	1	1	1/8		1/8	1		10	58	A#3	3	234
23	23	177/2	0.5	3/8	3/8	3/4	1	1	1/8		1/8	1		5	59	B3	3	235
23	23	89	0.5	1/2	1/2	3/4	1	1	1/8		1/8	1		0	60	C4	4	236
23	23	89	0.5	1/2	1/2	3/4	3	1	1/8		1/8	1		0	72	C5	5	240
23	23	179/2	0.5	5/8	5/8	3/4	1	1	1/8		1/8	1		2	62	D4	4	237
23	23	179/2	0.5	5/8	5/8	3/4	3	1	1/8		1/8	1		2	74	D5	5	241
24	24	90	0.5	0	0	3/4	1	1	1/8		1/8	1		4	64	E4	4	242
24	24	90	0.5	0	0	3/4	3	1	1/8		1/8	1		4	76	E5	5	248
24	24	181/2	0.5	1/8	1/8	3/4	1	1	1/8		1/8	1		6	66	F#4	4	243
24	24	181/2	0.5	1/8	1/8	3/4	3	1	1/8		1/8	1		6	78	F#5	5	249
24	24	91	0.5	1/4	1/4	3/4	1	1	1/8		1/8	1		4	64	E4	4	244
24	24	91	0.5	1/4	1/4	3/4	3	1	1/8		1/8	1		4	76	E5	5	250
24	24	183/2	0.5	3/8	3/8	3/4	1	1	1/8		1/8	1		6	66	F#4	4	245
24	24	183/2	0.5	3/8	3/8	3/4	3	1	1/8		1/8	1		6	78	F#5	5	251
24	24	92	0.5	1/2	1/2	3/4	1	1	1/8		1/8	1		3	69	A4	4	246
24	24	92	0.5	1/2	1/2	3/4	3	1	1/8		1/8	1		3	81	A5	5	252
24	24	185/2	0.5	5/8	5/8	3/4	1	1	1/8		1/8	1		0	72	C5	5	247
24	24	185/2	0.5	5/8	5/8	3/4	3	1	1/8		1/8	1		0	84	C6	6	253
25	25	93	0.5	0	0	3/4	1	1	1/8		1/8	1		6	78	F#5	5	254
25	25	93	1.0	0	0	3/4	1	2	1/4		1/4	1		8	80	G#5	5	260
25	25	93	1.0	0	0	3/4	1	2	1/4		1/4	1		5	83	B5	5	260
25	25	93	1.0	0	0	3/4	1	2	1/4		1/4	1		9	87	D#6	6	260
25	25	187/2	0.5	1/8	1/8	3/4	1	1	1/8		1/8	1		-1	77	F5	5	255
25	25	94	0.5	1/4	1/4	3/4	1	1	1/8		1/8	1		4	76	E5	5	256
25	25	94	1.0	1/4	1/4	3/4	1	2	1/4		1/4	1		6	78	F#5	5	261
25	25	94	1.0	1/4	1/4	3/4	1	2	1/4		1/4	1		3	81	A5	5	261
25	25	94	1.0	1/4	1/4	3/4	1	2	1/4		1/4	1		7	85	C#6	6	261
25	25	189/2	0.5	3/8	3/8	3/4	1	1	1/8		1/8	1		9	75	D#5	5	257
25	25	95	0.5	1/2	1/2	3/4	1	1	1/8		1/8	1		2	74	D5	5	258
25	25	95	1.0	1/2	1/2	3/4	1	2	1/4		1/4	1	1	6	78	F#5	5	262
25	25	95	1.0	1/2	1/2	3/4	1	2	1/4		1/4	1	1	8	80	G#5	5	262
25	25	191/2	0.5	5/8	5/8	3/4	1	1	1/8		1/8	1		7	73	C#5	5	259
26	26	96	1.0	0	0	3/4	3	1	1/4		1/4	1		3	57	A3	3	272
26	26	96	1.0	0	0	3/4	3	1	1/4		1/4	1		0	60	C4	4	272
26	26	96	1.0	0	0	3/4	3	1	1/4		1/4	1		2	62	D4	4	272
26	26	96	1.0	0	0	3/4	3	1	1/4		1/4	1		6	66	F#4	4	272
26	26	96	1.0	0	0	3/4	3	1	1/4		1/4	1		3	69	A4	4	272
26	26	96	0.5	0	0	3/4	1	1	1/8		1/8	1		0	72	C5	5	263
26	26	96	1.0	0	0	3/4	1	2	1/4		1/4	1	-1	6	78	F#5	5	269
26	26	96	1.0	0	0	3/4	1	2	1/4		1/4	1	-1	8	80	G#5	5	269
26	26	193/2	0.5	1/8	1/8	3/4	1	1	1/8		1/8	1		7	73	C#5	5	264
26	26	97	1.0	1/4	1/4	3/4	3	1	1/4		1/4	1		1	55	G3	3	273
26	26	97	1.0	1/4	1/4	3/4	3	1	1/4		1/4	1		5	59	B3	3	273
26	26	97	1.0	1/4	1/4	3/4	3	1	1/4		1/4	1		-1	65	F4	4	273
26	26	97	1.0	1/4	1/4	3/4	3	1	1/4		1/4	1		1	67	G4	4	273
26	26	97	0.5	1/4	1/4	3/4	1	1	1/8		1/8	1		2	74	D5	5	265
26	26	97	1.0	1/4	1/4	3/4	1	2	1/4		1/4	1		-1	77	F5	5	270
26	26	97	1.0	1/4	1/4	3/4	1	2	1/4		1/4	1	1	1	79	G5	5	270
26	26	97	1.0	1/4	1/4	3/4	1	2	1/4		1/4	1	1	5	83	B5	5	270
26	26	195/2	0.5	3/8	3/8	3/4	1	1	1/8		1/8	1		9	75	D#5	5	266
26	26	98	1.0	1/2	1/2	3/4	3	1	1/4		1/4	1		2	50	D3	3	274
26	26	98	1.0	1/2	1/2	3/4	3	1	1/4		1/4	1		2	62	D4	4	274
26	26	98	0.5	1/2	1/2	3/4	1	1	1/8		1/8	1		4	76	E5	5	267
26	26	98	1.0	1/2	1/2	3/4	1	2	1/4		1/4	1	-1	1	79	G5	5	271
26	26	98	1.0	1/2	1/2	3/4	1	2	1/4		1/4	1	-1	5	83	B5	5	271
26	26	197/2	0.5	5/8	5/8	3/4	1	1	1/8		1/8	1		-1	77	F5	5	268
27	27	99	1.0	0	0	3/4	3	1	1/4		1/4	1		7	49	C#3	3	284
27	27	99	1.0	0	0	3/4	3	1	1/4		1/4	1		7	61	C#4	4	284
27	27	99	0.5	0	0	3/4	1	1	1/8		1/8	1		6	78	F#5	5	275
27	27	99	1.0	0	0	3/4	1	2	1/4		1/4	1		8	80	G#5	5	281
27	27	99	1.0	0	0	3/4	1	2	1/4		1/4	1		5	83	B5	5	281
27	27	99	1.0	0	0	3/4	1	2	1/4		1/4	1		9	87	D#6	6	281
27	27	199/2	0.5	1/8	1/8	3/4	1	1	1/8		1/8	1		-1	77	F5	5	276
27	27	100	1.0	1/4	1/4	3/4	3	1	1/4		1/4	1		8	44	G#2	2	285
27	27	100	1.0	1/4	1/4	3/4	3	1	1/4		1/4	1		8	56	G#3	3	285
27	27	100	0.5	1/4	1/4	3/4	1	1	1/8		1/8	1		4	76	E5	5	277
27	27	100	1.0	1/4	1/4	3/4	1	2	1/4		1/4	1		6	78	F#5	5	282
27	27	100	1.0	1/4	1/4	3/4	1	2	1/4		1/4	1		3	81	A5	5	282
27	27	100	1.0	1/4	1/4	3/4	1	2	1/4		1/4	1		7	85	C#6	6	282
27	27	201/2	0.5	3/8	3/8	3/4	1	1	1/8		1/8	1		9	75	D#5	5	278
27	27	101	1.0	1/2	1/2	3/4	3	1	1/4		1/4	1	1	8	32	G#1	1	286
27	27	101	0.5	1/2	1/2	3/4	1	1	1/8		1/8	1		2	74	D5	5	279
27	27	101	1.0	1/2	1/2	3/4	1	2	1/4		1/4	1	1	6	78	F#5	5	283
27	27	101	1.0	1/2	1/2	3/4	1	2	1/4		1/4	1	1	8	80	G#5	5	283
27	27	203/2	0.5	5/8	5/8	3/4	1	1	1/8		1/8	1		7	73	C#5	5	280
28	28	102	1.0	0	0	3/4	3	1	1/4		1/4	1		3	57	A3	3	295
28	28	102	1.0	0	0	3/4	3	1	1/4		1/4	1		0	60	C4	4	295
28	28	102	1.0	0	0	3/4	3	1	1/4		1/4	1		2	62	D4	4	295
28	28	102	1.0	0	0	3/4	3	1	1/4		1/4	1		6	66	F#4	4	295
28	28	102	1.0	0	0	3/4	3	1	1/4		1/4	1		3	69	A4	4	295
28	28	102	0.5	0	0	3/4	1	1	1/8		1/8	1		0	72	C5	5	287
28	28	102	1.0	0	0	3/4	1	2	1/4		1/4	1	-1	6	78	F#5	5	293
28	28	102	1.0	0	0	3/4	1	2	1/4		1/4	1	-1	8	80	G#5	5	293
28	28	205/2	0.5	1/8	1/8	3/4	1	1	1/8		1/8	1		5	71	B4	4	288
28	28	103	2.0	1/4	1/4	3/4	3	1	1/2		1/2	1		1	55	G3	3	296
28	28	103	2.0	1/4	1/4	3/4	3	1	1/2		1/2	1		-2	58	Bb3	3	296
28	28	103	2.0	1/4	1/4	3/4	3	1	1/2		1/2	1		-5	61	Db4	4	296
28	28	103	2.0	1/4	1/4	3/4	3	1	1/2		1/2	1		-3	63	Eb4	4	296
28	28	103	2.0	1/4	1/4	3/4	3	1	1/2		1/2	1		1	67	G4	4	296
28	28	103	0.5	1/4	1/4	3/4	1	1	1/8		1/8	1		-2	70	Bb4	4	289
28	28	103	2.0	1/4	1/4	3/4	1	2	1/2		1/2	1		-3	75	Eb5	5	294
28	28	103	2.0	1/4	1/4	3/4	1	2	1/2		1/2	1		-1	77	F5	5	294
28	28	207/2	0.5	3/8	3/8	3/4	1	1	1/8		1/8	1		0	72	C5	5	290
28	28	104	1.0	1/2	1/2	3/4	3	3	1/4		1/4	1	-1	8	32	G#1	1	297
28	28	104	0.5	1/2	1/2	3/4	1	1	1/8		1/8	1		-5	73	Db5	5	291
28	28	209/2	0.5	5/8	5/8	3/4	1	1	1/8		1/8	1		-3	75	Eb5	5	292
29	29	105	1.0	0	0	3/4	3	1	1/4		1/4	1		6	54	F#3	3	306
29	29	105	1.0	0	0	3/4	3	1	1/4		1/4	1		0	60	C4	4	306
29	29	105	1.0	0	0	3/4	3	1	1/4		1/4	1		2	62	D4	4	306
29	29	105	0.5	0	0	3/4	1	1	1/8		1/8	1		-4	68	Ab4	4	298
29	29	105	1.0	0	0	3/4	1	2	1/4		1/4	1		0	72	C5	5	304
29	29	105	1.0	0	0	3/4	1	2	1/4		1/4	1		2	74	D5	5	304
29	29	211/2	0.5	1/8	1/8	3/4	1	1	1/8		1/8	1		1	67	G4	4	299
29	29	106	2.0	1/4	1/4	3/4	3	1	1/2		1/2	1		11	53	E#3	3	307
29	29	106	2.0	1/4	1/4	3/4	3	1	1/2		1/2	1		5	59	B3	3	307
29	29	106	2.0	1/4	1/4	3/4	3	1	1/2		1/2	1		7	61	C#4	4	307
29	29	106	0.5	1/4	1/4	3/4	1	1	1/8		1/8	1		6	66	F#4	4	300
29	29	106	2.0	1/4	1/4	3/4	1	2	1/2		1/2	1		5	71	B4	4	305
29	29	106	2.0	1/4	1/4	3/4	1	2	1/2		1/2	1		7	73	C#5	5	305
29	29	213/2	0.5	3/8	3/8	3/4	1	1	1/8		1/8	1		1	67	G4	4	301
29	29	107	1.0	1/2	1/2	3/4	3	3	1/4		1/4	1		8	32	G#1	1	308
29	29	107	0.5	1/2	1/2	3/4	1	1	1/8		1/8	1		8	68	G#4	4	302
29	29	215/2	0.5	5/8	5/8	3/4	1	1	1/8		1/8	1		3	69	A4	4	303
30	30	108	0.5	0	0	3/4	3	1	1/8		1/8	1		6	54	F#3	3	309
30	30	217/2	0.5	1/8	1/8	3/4	3	1	1/8		1/8	1		1	55	G3	3	310
30	30	109	0.5	1/4	1/4	3/4	3	1	1/8		1/8	1		8	56	G#3	3	311
30	30	219/2	0.5	3/8	3/8	3/4	3	1	1/8		1/8	1		3	57	A3	3	312
30	30	110	0.5	1/2	1/2	3/4	3	1	1/8		1/8	1		6	42	F#2	2	313
30	30	221/2	0.5	5/8	5/8	3/4	3	1	1/8		1/8	1		1	43	G2	2	314
31	31	111	3.0	0	0	3/4	3	1	3/4		1/2	3/2		8	32	G#1	1	324
31	31	111	0.5	0	0	3/4	2	1	1/8		1/8	1		4	64	E4	4	315
31	31	223/2	0.5	1/8	1/8	3/4	2	1	1/8		1/8	1	1	5	71	B4	4	316
31	31	112	0.25	1/4	1/4	3/4	2	1	1/16		1/16	1	-1	5	71	B4	4	317
31	31	449/4	0.25	5/16	5/16	3/4	2	1	1/16		1/16	1		6	66	F#4	4	318
31	31	225/2	0.25	3/8	3/8	3/4	2	1	1/16		1/16	1		7	73	C#5	5	319
31	31	451/4	0.25	7/16	7/16	3/4	2	1	1/16		1/16	1		8	68	G#4	4	320
31	31	113	0.375	1/2	1/2	3/4	2	1	3/32		1/16	3/2		5	71	B4	4	321
31	31	907/8	0.125	19/32	19/32	3/4	2	1	1/32		1/32	1		4	76	E5	5	322
31	31	227/2	0.5	5/8	5/8	3/4	2	1	1/8		1/8	1	1	7	73	C#5	5	323
32	32	114	3.0	0	0	3/4	3	2	3/4		1/2	3/2		8	32	G#1	1	342
32	32	114	0.25	0	0	3/4	2	1	1/16		1/16	1	-1	7	73	C#5	5	325
32	32	457/4	0.25	1/16	1/16	3/4	2	1	1/16		1/16	1		6	66	F#4	4	326
32	32	229/2	0.375	1/8	1/8	3/4	2	1	3/32		1/16	3/2		5	71	B4	4	327
32	32	919/8	0.125	7/32	7/32	3/4	3	1	1/32		1/32	1		6	66	F#4	4	337
32	32	919/8	0.125	7/32	7/32	3/4	2	1	1/32		1/32	1		4	76	E5	5	328
32	32	115	0.875	1/4	1/4	3/4	3	1	7/32		1/8	7/4		8	68	G#4	4	338
32	32	115	0.25	1/4	1/4	3/4	2	1	1/16		1/16	1		7	73	C#5	5	329
32	32	461/4	0.25	5/16	5/16	3/4	2	1	1/16		1/16	1		6	66	F#4	4	330
32	32	231/2	0.375	3/8	3/8	3/4	2	1	3/32		1/16	3/2		5	71	B4	4	331
32	32	927/8	0.125	15/32	15/32	3/4	3	1	1/32		1/32	1		6	66	F#4	4	339
32	32	927/8	0.125	15/32	15/32	3/4	2	1	1/32		1/32	1		4	76	E5	5	332
32	32	116	0.875	1/2	1/2	3/4	3	1	7/32		1/8	7/4		8	68	G#4	4	340
32	32	116	0.25	1/2	1/2	3/4	2	1	1/16		1/16	1		7	73	C#5	5	333
32	32	465/4	0.25	9/16	9/16	3/4	2	1	1/16		1/16	1		6	66	F#4	4	334
32	32	233/2	0.375	5/8	5/8	3/4	2	1	3/32		1/16	3/2		5	71	B4	4	335
32	32	935/8	0.125	23/32	23/32	3/4	3	1	1/32		1/32	1		6	66	F#4	4	341
32	32	935/8	0.125	23/32	23/32	3/4	2	1	1/32		1/32	1		4	76	E5	5	336
33	33	117	3.0	0	0	3/4	3	2	3/4		1/2	3/2		-2	34	Bb1	1	349
33	33	117	3.0	0	0	3/4	2	1	3/4		1/2	3/2		8	68	G#4	4	343
33	33	117	3.0	0	0	3/4	2	1	3/4		1/2	3/2		0	72	C5	5	343
33	33	469/4	0.25	1/16	1/16	3/4	3	1	1/16		1/16	1		0	60	C4	4	344
33	33	235/2	0.375	1/8	1/8	3/4	3	1	3/32		1/16	3/2		-1	65	F4	4	345
33	33	943/8	0.125	7/32	7/32	3/4	3	1	1/32		1/32	1		-2	70	Bb4	4	346
33	33	118	1.0	1/4	1/4	3/4	3	1	1/4		1/4	1		1	67	G4	4	347
33	33	119	1.0	1/2	1/2	3/4	3	1	1/4		1/4	1		-1	65	F4	4	348
34	34	120	2.0	0	0	3/4	3	1	1/2		1/2	1		2	62	D4	4	353
34	34	120	1.0	0	0	3/4	2	1	1/4		1/4	1		-4	68	Ab4	4	350
34	34	120	1.0	0	0	3/4	2	1	1/4		1/4	1		0	72	C5	5	350
34	34	121	1.0	1/4	1/4	3/4	2	1	1/4		1/4	1		1	67	G4	4	351
34	34	121	1.0	1/4	1/4	3/4	2	1	1/4		1/4	1		5	71	B4	4	351
34	34	122	1.0	1/2	1/2	3/4	3	1	1/4		1/4	1		2	50	D3	3	354
34	34	122	1.0	1/2	1/2	3/4	2	1	1/4		1/4	1		0	60	C4	4	352
34	34	122	1.0	1/2	1/2	3/4	2	1	1/4		1/4	1		-1	65	F4	4	352
34	34	122	1.0	1/2	1/2	3/4	2	1	1/4		1/4	1		-4	68	Ab4	4	352
35	35	123	3.0	0	0	3/4	3	1	3/4		1/2	3/2		1	43	G2	2	358
35	35	123	1.0	0	0	3/4	2	1	1/4		1/4	1		3	57	A3	3	355
35	35	123	1.0	0	0	3/4	2	1	1/4		1/4	1		2	62	D4	4	355
35	35	123	1.0	0	0	3/4	2	1	1/4		1/4	1		-1	65	F4	4	355
35	35	124	1.0	1/4	1/4	3/4	2	1	1/4		1/4	1		1	55	G3	3	356
35	35	124	1.0	1/4	1/4	3/4	2	1	1/4		1/4	1		0	60	C4	4	356
35	35	124	1.0	1/4	1/4	3/4	2	1	1/4		1/4	1		4	64	E4	4	356
35	35	125	1.0	1/2	1/2	3/4	2	1	1/4		1/4	1		-1	53	F3	3	357
35	35	125	1.0	1/2	1/2	3/4	2	1	1/4		1/4	1		5	59	B3	3	357
35	35	125	1.0	1/2	1/2	3/4	2	1	1/4		1/4	1		2	62	D4	4	357
36	36	126	3.0	0	0	3/4	3	2	3/4		1/2	3/2		8	32	G#1	1	371
36	36	126	3.0	0	0	3/4	3	2	3/4		1/2	3/2		8	44	G#2	2	371
36	36	126	1.0	0	0	3/4	3	1	1/4		1/4	1		4	52	E3	3	368
36	36	126	1.0	0	0	3/4	3	1	1/4		1/4	1		3	57	A3	3	368
36	36	126	1.0	0	0	3/4	3	1	1/4		1/4	1		7	61	C#4	4	368
36	36	126	0.5	0	0	3/4	2	1	1/8		1/8	1		4	64	E4	4	359
36	36	253/2	0.5	1/8	1/8	3/4	2	1	1/8		1/8	1	1	5	71	B4	4	360
36	36	127	1.0	1/4	1/4	3/4	3	1	1/4		1/4	1		9	51	D#3	3	369
36	36	127	1.0	1/4	1/4	3/4	3	1	1/4		1/4	1		8	56	G#3	3	369
36	36	127	1.0	1/4	1/4	3/4	3	1	1/4		1/4	1		5	59	B3	3	369
36	36	127	0.25	1/4	1/4	3/4	2	1	1/16		1/16	1	-1	5	71	B4	4	361
36	36	509/4	0.25	5/16	5/16	3/4	2	1	1/16		1/16	1		6	66	F#4	4	362
36	36	255/2	0.25	3/8	3/8	3/4	2	1	1/16		1/16	1		7	73	C#5	5	363
36	36	511/4	0.25	7/16	7/16	3/4	2	1	1/16		1/16	1		8	68	G#4	4	364
36	36	128	1.0	1/2	1/2	3/4	3	1	1/4		1/4	1		7	49	C#3	3	370
36	36	128	1.0	1/2	1/2	3/4	3	1	1/4		1/4	1		6	54	F#3	3	370
36	36	128	1.0	1/2	1/2	3/4	3	1	1/4		1/4	1		3	57	A3	3	370
36	36	128	0.375	1/2	1/2	3/4	2	1	3/32		1/16	3/2		5	71	B4	4	365
36	36	1027/8	0.125	19/32	19/32	3/4	2	1	1/32		1/32	1		4	76	E5	5	366
36	36	257/2	0.5	5/8	5/8	3/4	2	1	1/8		1/8	1	1	7	73	C#5	5	367
37	37	129	3.0	0	0	3/4	3	2	3/4		1/2	3/2		8	32	G#1	1	389
37	37	129	0.25	0	0	3/4	2	1	1/16		1/16	1	-1	7	73	C#5	5	372
37	37	517/4	0.25	1/16	1/16	3/4	2	1	1/16		1/16	1		6	66	F#4	4	373
37	37	259/2	0.375	1/8	1/8	3/4	2	1	3/32		1/16	3/2		5	71	B4	4	374
37	37	1039/8	0.125	7/32	7/32	3/4	3	1	1/32		1/32	1		6	66	F#4	4	382
37	37	1039/8	0.125	7/32	7/32	3/4	2	1	1/32		1/32	1		4	76	E5	5	375
37	37	130	0.875	1/4	1/4	3/4	3	1	7/32		1/8	7/4		8	68	G#4	4	383
37	37	130	0.25	1/4	1/4	3/4	2	1	1/16		1/16	1		7	73	C#5	5	376
37	37	521/4	0.25	5/16	5/16	3/4	2	1	1/16		1/16	1		6	66	F#4	4	377
37	37	261/2	0.375	3/8	3/8	3/4	2	1	3/32		1/16	3/2		5	71	B4	4	378
37	37	1047/8	0.125	15/32	15/32	3/4	3	1	1/32		1/32	1	1	6	66	F#4	4	384
37	37	1047/8	0.125	15/32	15/32	3/4	2	1	1/32		1/32	1		4	76	E5	5	379
37	37	131	0.25	1/2	1/2	3/4	3	1	1/16		1/16	1	-1	6	66	F#4	4	385
37	37	131	1.0	1/2	1/2	3/4	3	3	1/4		1/4	1		6	66	F#4	4	390
37	37	131	0.25	1/2	1/2	3/4	3	1	1/16		1/16	1		8	68	G#4	4	385
37	37	131	1.0	1/2	1/2	3/4	2	1	1/4		1/4	1		7	73	C#5	5	380
37	37	525/4	0.25	9/16	9/16	3/4	3	1	1/16		1/16	1		10	70	A#4	4	386
37	37	263/2	0.375	5/8	5/8	3/4	3	1	3/32		1/16	3/2		7	73	C#5	5	387
37	37	1055/8	0.125	23/32	23/32	3/4	2	2	1/32		1/32	1		8	80	G#5	5	381
37	37	1055/8	0.125	23/32	23/32	3/4	3	1	1/32		1/32	1		8	80	G#5	5	388
38	38	132	3.0	0	0	9/8	2	1	3/4		1/2	3/2	1	10	58	A#3	3	393
38	38	132	3.0	0	0	9/8	2	1	3/4		1/2	3/2	1	12	60	B#3	3	393
38	38	132	3.0	0	0	9/8	2	1	3/4		1/2	3/2	1	11	65	E#4	4	393
38	38	132	3.0	0	0	9/8	1	1	3/4		1/2	3/2	1	6	66	F#4	4	391
38	38	132	3.0	0	0	9/8	1	1	3/4		1/2	3/2	1	10	70	A#4	4	391
38	38	132	3.0	0	0	9/8	1	1	3/4		1/2	3/2	1	11	77	E#5	5	391
38	38	133	0.5	1/4	1/4	9/8	3	1	1/8		1/8	1	1	8	32	G#1	1	395
38	38	267/2	0.5	3/8	3/8	9/8	3	1	1/8		1/8	1	-1	8	32	G#1	1	396
38	38	134	1.0	1/2	1/2	9/8	3	1	1/4		1/4	1		8	32	G#1	1	397
38	38	135	1.5	3/4	3/4	9/8	2	1	3/8		1/4	3/2	-1	10	58	A#3	3	394
38	38	135	1.5	3/4	3/4	9/8	2	1	3/8		1/4	3/2	-1	12	60	B#3	3	394
38	38	135	1.5	3/4	3/4	9/8	2	1	3/8		1/4	3/2	-1	11	65	E#4	4	394
38	38	135	1.5	3/4	3/4	9/8	1	1	3/8		1/4	3/2	-1	6	66	F#4	4	392
38	38	135	1.5	3/4	3/4	9/8	1	1	3/8		1/4	3/2	-1	10	70	A#4	4	392
38	38	135	1.5	3/4	3/4	9/8	1	1	3/8		1/4	3/2	-1	11	77	E#5	5	392
39	39	273/2	3.0	0	0	9/8	2	1	3/4		1/2	3/2	1	10	58	A#3	3	400
39	39	273/2	3.0	0	0	9/8	2	1	3/4		1/2	3/2	1	12	60	B#3	3	400
39	39	273/2	3.0	0	0	9/8	2	1	3/4		1/2	3/2	1	11	65	E#4	4	400
39	39	273/2	3.0	0	0	9/8	1	1	3/4		1/2	3/2	1	6	66	F#4	4	398
39	39	273/2	3.0	0	0	9/8	1	1	3/4		1/2	3/2	1	10	70	A#4	4	398
39	39	273/2	3.0	0	0	9/8	1	1	3/4		1/2	3/2	1	11	77	E#5	5	398
39	39	275/2	0.5	1/4	1/4	9/8	3	1	1/8		1/8	1	1	8	32	G#1	1	402
39	39	138	0.5	3/8	3/8	9/8	3	1	1/8		1/8	1	-1	8	32	G#1	1	403
39	39	277/2	1.0	1/2	1/2	9/8	3	1	1/4		1/4	1		8	32	G#1	1	404
39	39	279/2	1.5	3/4	3/4	9/8	2	1	3/8		1/4	3/2	-1	10	58	A#3	3	401
39	39	279/2	1.5	3/4	3/4	9/8	2	1	3/8		1/4	3/2	-1	12	60	B#3	3	401
39	39	279/2	1.5	3/4	3/4	9/8	2	1	3/8		1/4	3/2	-1	11	65	E#4	4	401
39	39	279/2	1.5	3/4	3/4	9/8	1	1	3/8		1/4	3/2	-1	6	66	F#4	4	399
39	39	279/2	1.5	3/4	3/4	9/8	1	1	3/8		1/4	3/2	-1	10	70	A#4	4	399
39	39	279/2	1.5	3/4	3/4	9/8	1	1	3/8		1/4	3/2	-1	11	77	E#5	5	399
40	40	141	3.0	0	0	9/8	1	1	3/4		1/2	3/2		10	58	A#3	3	405
40	40	141	3.0	0	0	9/8	1	2	3/4		1/2	3/2	1	12	60	B#3	3	409
40	40	141	3.0	0	0	9/8	1	2	3/4		1/2	3/2	1	11	65	E#4	4	409
40	40	141	3.0	0	0	9/8	2	1	3/4		1/2	3/2	1	6	66	F#4	4	411
40	40	141	3.0	0	0	9/8	2	1	3/4		1/2	3/2	1	10	70	A#4	4	411
40	40	141	3.0	0	0	9/8	2	1	3/4		1/2	3/2	1	11	77	E#5	5	411
40	40	142	0.5	1/4	1/4	9/8	3	1	1/8		1/8	1	1	8	32	G#1	1	413
40	40	285/2	0.5	3/8	3/8	9/8	3	1	1/8		1/8	1	-1	8	32	G#1	1	414
40	40	143	1.0	1/2	1/2	9/8	3	1	1/4		1/4	1		8	32	G#1	1	415
40	40	144	0.5	3/4	3/4	9/8	1	1	1/8		1/8	1		15	57	G##3	3	406
40	40	144	1.5	3/4	3/4	9/8	1	2	3/8		1/4	3/2	-1	12	60	B#3	3	410
40	40	144	1.5	3/4	3/4	9/8	1	2	3/8		1/4	3/2	-1	11	65	E#4	4	410
40	40	144	1.5	3/4	3/4	9/8	2	1	3/8		1/4	3/2	-1	6	66	F#4	4	412
40	40	144	1.5	3/4	3/4	9/8	2	1	3/8		1/4	3/2	-1	10	70	A#4	4	412
40	40	144	1.5	3/4	3/4	9/8	2	1	3/8		1/4	3/2	-1	11	77	E#5	5	412
40	40	289/2	0.5	7/8	7/8	9/8	1	1	1/8		1/8	1		10	58	A#3	3	407
40	40	145	0.5	1	1	9/8	1	1	1/8		1/8	1		15	57	G##3	3	408
41	41	291/2	0.75	0	0	9/8	1	1	3/16		1/8	3/2		12	60	B#3	3	416
41	41	291/2	1.5	0	0	9/8	1	2	3/8		1/4	3/2		11	65	E#4	4	423
41	41	291/2	1.5	0	0	9/8	2	1	3/8		1/4	3/2		6	66	F#4	4	425
41	41	291/2	1.5	0	0	9/8	2	1	3/8		1/4	3/2		10	70	A#4	4	425
41	41	291/2	1.0	0	0	9/8	2	2	1/4		1/4	1	1	11	77	E#5	5	427
41	41	585/4	0.25	3/16	3/16	9/8	1	1	1/16		1/16	1		7	61	C#4	4	417
41	41	293/2	0.0	1/4	1/4	9/8	1	1	0	acciaccatura	1/8	1		9	63	D#4	4	418
41	41	293/2	0.25	1/4	1/4	9/8	1	1	1/16		1/16	1		14	62	C##4	4	419
41	41	293/2	0.25	1/4	1/4	9/8	2	2	1/16		1/16	1	-1	11	77	E#5	5	428
41	41	587/4	0.25	5/16	5/16	9/8	1	1	1/16		1/16	1		12	60	B#3	3	420
41	41	587/4	0.25	5/16	5/16	9/8	2	2	1/16		1/16	1		6	78	F#5	5	429
41	41	147	1.5	3/8	3/8	9/8	1	1	3/8		1/4	3/2		10	58	A#3	3	421
41	41	147	3.0	3/8	3/8	9/8	1	2	3/4		1/2	3/2		12	60	B#3	3	424
41	41	147	3.0	3/8	3/8	9/8	1	2	3/4		1/2	3/2		11	65	E#4	4	424
41	41	147	3.0	3/8	3/8	9/8	2	1	3/4		1/2	3/2		6	66	F#4	4	426
41	41	147	3.0	3/8	3/8	9/8	2	1	3/4		1/2	3/2		10	70	A#4	4	426
41	41	147	3.0	3/8	3/8	9/8	2	2	3/4		1/2	3/2		11	77	E#5	5	430
41	41	148	0.5	5/8	5/8	9/8	3	1	1/8		1/8	1	1	8	32	G#1	1	431
41	41	297/2	1.0	3/4	3/4	9/8	3	1	1/4		1/4	1	-1	8	32	G#1	1	432
41	41	297/2	1.5	3/4	3/4	9/8	1	1	3/8		1/4	3/2		6	54	F#3	3	422
41	41	299/2	0.5	1	1	9/8	3	1	1/8		1/8	1		8	32	G#1	1	433
42	42	150	1.0	0	0	9/8	1	1	1/4		1/4	1		12	60	B#3	3	434
42	42	150	3.0	0	0	9/8	1	2	3/4		1/2	3/2		11	65	E#4	4	442
42	42	150	3.0	0	0	9/8	2	1	3/4		1/2	3/2	1	6	66	F#4	4	444
42	42	150	3.0	0	0	9/8	2	1	3/4		1/2	3/2	1	10	70	A#4	4	444
42	42	150	3.0	0	0	9/8	2	1	3/4		1/2	3/2	1	11	77	E#5	5	444
42	42	151	0.25	1/4	1/4	9/8	1	1	1/16		1/16	1		7	61	C#4	4	435
42	42	605/4	0.25	5/16	5/16	9/8	1	1	1/16		1/16	1		14	62	C##4	4	436
42	42	303/2	1.0	3/8	3/8	9/8	1	1	1/4		1/4	1		11	65	E#4	4	437
42	42	305/2	0.5	5/8	5/8	9/8	3	1	1/8		1/8	1	1	8	32	G#1	1	446
42	42	305/2	0.5	5/8	5/8	9/8	1	1	1/8		1/8	1		14	62	C##4	4	438
42	42	153	1.0	3/4	3/4	9/8	3	1	1/4		1/4	1	-1	8	32	G#1	1	447
42	42	153	1.0	3/4	3/4	9/8	1	1	1/4		1/4	1		7	61	C#4	4	439
42	42	153	1.5	3/4	3/4	9/8	1	2	3/8		1/4	3/2		11	65	E#4	4	443
42	42	153	1.5	3/4	3/4	9/8	2	1	3/8		1/4	3/2	-1	6	66	F#4	4	445
42	42	153	1.5	3/4	3/4	9/8	2	1	3/8		1/4	3/2	-1	10	70	A#4	4	445
42	42	153	1.5	3/4	3/4	9/8	2	1	3/8		1/4	3/2	-1	11	77	E#5	5	445
42	42	154	0.5	1	1	9/8	3	1	1/8		1/8	1		8	32	G#1	1	448
42	42	154	0.25	1	1	9/8	1	1	1/16		1/16	1		12	60	B#3	3	440
42	42	617/4	0.25	17/16	17/16	9/8	1	1	1/16		1/16	1		5	59	B3	3	441
43	43	309/2	3.0	0	0	9/8	1	1	3/4		1/2	3/2	1	10	58	A#3	3	449
43	43	309/2	3.0	0	0	9/8	1	2	3/4		1/2	3/2	1	12	60	B#3	3	451
43	43	309/2	3.0	0	0	9/8	1	2	3/4		1/2	3/2		11	65	E#4	4	451
43	43	309/2	3.0	0	0	9/8	2	1	3/4		1/2	3/2		6	66	F#4	4	453
43	43	309/2	3.0	0	0	9/8	2	1	3/4		1/2	3/2		10	70	A#4	4	453
43	43	309/2	1.0	0	0	9/8	2	2	1/4		1/4	1	1	11	77	E#5	5	455
43	43	311/2	0.25	1/4	1/4	9/8	2	2	1/16		1/16	1	-1	11	77	E#5	5	456
43	43	623/4	0.25	5/16	5/16	9/8	2	2	1/16		1/16	1		6	78	F#5	5	457
43	43	156	1.0	3/8	3/8	9/8	2	2	1/4		1/4	1	1	11	77	E#5	5	458
43	43	157	0.25	5/8	5/8	9/8	2	2	1/16		1/16	1	-1	11	77	E#5	5	459
43	43	629/4	0.25	11/16	11/16	9/8	2	2	1/16		1/16	1		6	78	F#5	5	460
43	43	315/2	1.5	3/4	3/4	9/8	1	1	3/8		1/4	3/2		6	54	F#3	3	450
43	43	315/2	1.5	3/4	3/4	9/8	1	2	3/8		1/4	3/2	-1	10	58	A#3	3	452
43	43	315/2	1.5	3/4	3/4	9/8	1	2	3/8		1/4	3/2	-1	12	60	B#3	3	452
43	43	315/2	1.5	3/4	3/4	9/8	1	2	3/8		1/4	3/2		11	65	E#4	4	452
43	43	315/2	1.5	3/4	3/4	9/8	2	1	3/8		1/4	3/2		6	66	F#4	4	454
43	43	315/2	1.5	3/4	3/4	9/8	2	1	3/8		1/4	3/2		10	70	A#4	4	454
43	43	315/2	1.0	3/4	3/4	9/8	2	2	1/4		1/4	1	1	11	77	E#5	5	461
43	43	317/2	0.25	1	1	9/8	2	2	1/16		1/16	1	-1	11	77	E#5	5	462
43	43	635/4	0.25	17/16	17/16	9/8	2	2	1/16		1/16	1		6	78	F#5	5	463
44	44	159	1.5	0	0	9/8	2	2	3/8		1/4	3/2		9	51	D#3	3	468
44	44	159	3.0	0	0	9/8	2	1	3/4		1/2	3/2		6	54	F#3	3	466
44	44	159	3.0	0	0	9/8	2	1	3/4		1/2	3/2		10	58	A#3	3	466
44	44	159	1.5	0	0	9/8	2	2	3/8		1/4	3/2		9	63	D#4	4	468
44	44	159	3.0	0	0	9/8	1	1	3/4		1/2	3/2		6	66	F#4	4	464
44	44	159	3.0	0	0	9/8	1	1	3/4		1/2	3/2		10	70	A#4	4	464
44	44	159	3.0	0	0	9/8	1	1	3/4		1/2	3/2		11	77	E#5	5	464
44	44	160	0.5	1/4	1/4	9/8	3	1	1/8		1/8	1	1	8	32	G#1	1	475
44	44	321/2	1.5	3/8	3/8	9/8	3	1	3/8		1/4	3/2	-1	8	32	G#1	1	476
44	44	321/2	0.5	3/8	3/8	9/8	2	2	1/8		1/8	1		16	52	D##3	3	469
44	44	321/2	0.5	3/8	3/8	9/8	2	2	1/8		1/8	1		16	64	D##4	4	469
44	44	161	0.5	1/2	1/2	9/8	2	2	1/8		1/8	1		11	53	E#3	3	470
44	44	161	0.5	1/2	1/2	9/8	2	2	1/8		1/8	1		11	65	E#4	4	470
44	44	323/2	0.5	5/8	5/8	9/8	2	2	1/8		1/8	1		8	56	G#3	3	471
44	44	323/2	0.5	5/8	5/8	9/8	2	2	1/8		1/8	1		8	68	G#4	4	471
44	44	162	1.0	3/4	3/4	9/8	2	2	1/4		1/4	1		11	53	E#3	3	472
44	44	162	1.5	3/4	3/4	9/8	2	1	3/8		1/4	3/2		6	54	F#3	3	467
44	44	162	1.5	3/4	3/4	9/8	2	1	3/8		1/4	3/2		12	60	B#3	3	467
44	44	162	1.0	3/4	3/4	9/8	2	2	1/4		1/4	1		11	65	E#4	4	472
44	44	162	1.5	3/4	3/4	9/8	1	1	3/8		1/4	3/2		6	66	F#4	4	465
44	44	162	1.5	3/4	3/4	9/8	1	1	3/8		1/4	3/2		8	68	G#4	4	465
44	44	162	1.5	3/4	3/4	9/8	1	1	3/8		1/4	3/2		12	72	B#4	4	465
44	44	162	1.5	3/4	3/4	9/8	1	1	3/8		1/4	3/2		6	78	F#5	5	465
44	44	163	0.25	1	1	9/8	2	2	1/16		1/16	1		9	51	D#3	3	473
44	44	163	0.25	1	1	9/8	2	2	1/16		1/16	1		9	63	D#4	4	473
44	44	653/4	0.25	17/16	17/16	9/8	2	2	1/16		1/16	1		16	52	D##3	3	474
44	44	653/4	0.25	17/16	17/16	9/8	2	2	1/16		1/16	1		16	64	D##4	4	474
45	45	327/2	1.0	0	0	9/8	2	2	1/4		1/4	1	1	7	49	C#3	3	481
45	45	327/2	3.0	0	0	9/8	2	1	3/4		1/2	3/2		4	52	E3	3	479
45	45	327/2	3.0	0	0	9/8	2	1	3/4		1/2	3/2		1	55	G3	3	479
45	45	327/2	3.0	0	0	9/8	2	1	3/4		1/2	3/2		3	57	A3	3	479
45	45	327/2	1.0	0	0	9/8	2	2	1/4		1/4	1	1	7	61	C#4	4	481
45	45	327/2	3.0	0	0	9/8	1	1	3/4		1/2	3/2		1	67	G4	4	477
45	45	327/2	3.0	0	0	9/8	1	1	3/4		1/2	3/2		3	69	A4	4	477
45	45	327/2	3.0	0	0	9/8	1	1	3/4		1/2	3/2		7	73	C#5	5	477
45	45	327/2	3.0	0	0	9/8	1	1	3/4		1/2	3/2		1	79	G5	5	477
45	45	164	0.5	1/8	1/8	9/8	3	1	1/8		1/8	1		8	32	G#1	1	490
45	45	329/2	0.25	1/4	1/4	9/8	2	2	1/16		1/16	1	-1	7	49	C#3	3	482
45	45	329/2	0.25	1/4	1/4	9/8	2	2	1/16		1/16	1	-1	7	61	C#4	4	482
45	45	659/4	0.25	5/16	5/16	9/8	2	2	1/16		1/16	1		12	48	B#2	2	483
45	45	659/4	0.25	5/16	5/16	9/8	2	2	1/16		1/16	1		12	60	B#3	3	483
45	45	165	1.0	3/8	3/8	9/8	2	2	1/4		1/4	1	1	7	49	C#3	3	484
45	45	165	1.0	3/8	3/8	9/8	2	2	1/4		1/4	1	1	7	61	C#4	4	484
45	45	166	0.25	5/8	5/8	9/8	2	2	1/16		1/16	1	-1	7	49	C#3	3	485
45	45	166	0.25	5/8	5/8	9/8	2	2	1/16		1/16	1	-1	7	61	C#4	4	485
45	45	665/4	0.25	11/16	11/16	9/8	2	2	1/16		1/16	1		2	50	D3	3	486
45	45	665/4	0.25	11/16	11/16	9/8	2	2	1/16		1/16	1		2	62	D4	4	486
45	45	333/2	1.0	3/4	3/4	9/8	2	2	1/4		1/4	1	1	7	49	C#3	3	487
45	45	333/2	1.5	3/4	3/4	9/8	2	1	3/8		1/4	3/2		9	51	D#3	3	480
45	45	333/2	1.5	3/4	3/4	9/8	2	1	3/8		1/4	3/2		13	55	F##3	3	480
45	45	333/2	1.0	3/4	3/4	9/8	2	2	1/4		1/4	1	1	7	61	C#4	4	487
45	45	333/2	1.5	3/4	3/4	9/8	1	1	3/8		1/4	3/2		9	63	D#4	4	478
45	45	333/2	1.5	3/4	3/4	9/8	1	1	3/8		1/4	3/2		13	67	F##4	4	478
45	45	333/2	1.5	3/4	3/4	9/8	1	1	3/8		1/4	3/2		10	70	A#4	4	478
45	45	333/2	1.5	3/4	3/4	9/8	1	1	3/8		1/4	3/2		9	75	D#5	5	478
45	45	167	0.5	7/8	7/8	9/8	3	1	1/8		1/8	1		8	32	G#1	1	491
45	45	335/2	0.25	1	1	9/8	2	2	1/16		1/16	1	-1	7	49	C#3	3	488
45	45	335/2	0.25	1	1	9/8	2	2	1/16		1/16	1	-1	7	61	C#4	4	488
45	45	671/4	0.25	17/16	17/16	9/8	2	2	1/16		1/16	1		10	46	A#2	2	489
45	45	671/4	0.25	17/16	17/16	9/8	2	2	1/16		1/16	1		10	58	A#3	3	489
46	46	168	1.5	0	0	9/8	2	2	3/8		1/4	3/2		9	51	D#3	3	496
46	46	168	3.0	0	0	9/8	2	1	3/4		1/2	3/2		6	54	F#3	3	494
46	46	168	3.0	0	0	9/8	2	1	3/4		1/2	3/2		10	58	A#3	3	494
46	46	168	1.5	0	0	9/8	2	2	3/8		1/4	3/2		9	63	D#4	4	496
46	46	168	3.0	0	0	9/8	1	1	3/4		1/2	3/2		6	66	F#4	4	492
46	46	168	3.0	0	0	9/8	1	1	3/4		1/2	3/2		10	70	A#4	4	492
46	46	168	3.0	0	0	9/8	1	1	3/4		1/2	3/2		11	77	E#5	5	492
46	46	337/2	0.5	1/8	1/8	9/8	3	1	1/8		1/8	1		8	32	G#1	1	503
46	46	339/2	0.5	3/8	3/8	9/8	2	2	1/8		1/8	1		16	52	D##3	3	497
46	46	339/2	0.5	3/8	3/8	9/8	2	2	1/8		1/8	1		16	64	D##4	4	497
46	46	170	0.5	1/2	1/2	9/8	2	2	1/8		1/8	1		11	53	E#3	3	498
46	46	170	0.5	1/2	1/2	9/8	2	2	1/8		1/8	1		11	65	E#4	4	498
46	46	341/2	0.5	5/8	5/8	9/8	2	2	1/8		1/8	1		8	56	G#3	3	499
46	46	341/2	0.5	5/8	5/8	9/8	2	2	1/8		1/8	1		8	68	G#4	4	499
46	46	171	1.0	3/4	3/4	9/8	2	2	1/4		1/4	1		11	53	E#3	3	500
46	46	171	1.5	3/4	3/4	9/8	2	1	3/8		1/4	3/2		6	54	F#3	3	495
46	46	171	1.5	3/4	3/4	9/8	2	1	3/8		1/4	3/2		12	60	B#3	3	495
46	46	171	1.0	3/4	3/4	9/8	2	2	1/4		1/4	1		11	65	E#4	4	500
46	46	171	1.5	3/4	3/4	9/8	1	1	3/8		1/4	3/2		6	66	F#4	4	493
46	46	171	1.5	3/4	3/4	9/8	1	1	3/8		1/4	3/2		8	68	G#4	4	493
46	46	171	1.5	3/4	3/4	9/8	1	1	3/8		1/4	3/2		12	72	B#4	4	493
46	46	171	1.5	3/4	3/4	9/8	1	1	3/8		1/4	3/2		6	78	F#5	5	493
46	46	343/2	0.5	7/8	7/8	9/8	3	1	1/8		1/8	1		8	32	G#1	1	504
46	46	172	0.25	1	1	9/8	2	2	1/16		1/16	1		9	51	D#3	3	501
46	46	172	0.25	1	1	9/8	2	2	1/16		1/16	1		9	63	D#4	4	501
46	46	689/4	0.25	17/16	17/16	9/8	2	2	1/16		1/16	1		2	50	D3	3	502
46	46	689/4	0.25	17/16	17/16	9/8	2	2	1/16		1/16	1		2	62	D4	4	502
47	47	345/2	1.0	0	0	9/8	2	1	1/4		1/4	1	1	7	61	C#4	4	517
47	47	345/2	1.5	0	0	9/8	2	2	3/8		1/4	3/2		4	64	E4	4	526
47	47	345/2	1.5	0	0	9/8	2	2	3/8		1/4	3/2		1	67	G4	4	526
47	47	345/2	1.5	0	0	9/8	2	2	3/8		1/4	3/2		3	69	A4	4	526
47	47	345/2	1.0	0	0	9/8	1	2	1/4		1/4	1	1	7	73	C#5	5	508
47	47	345/2	1.5	0	0	9/8	1	1	3/8		1/4	3/2		1	79	G5	5	505
47	47	345/2	1.5	0	0	9/8	1	1	3/8		1/4	3/2		3	81	A5	5	505
47	47	345/2	1.0	0	0	9/8	1	2	1/4		1/4	1	1	7	85	C#6	6	508
47	47	347/2	0.25	1/4	1/4	9/8	2	1	1/16		1/16	1	-1	7	61	C#4	4	518
47	47	347/2	0.25	1/4	1/4	9/8	1	2	1/16		1/16	1	-1	7	73	C#5	5	509
47	47	347/2	0.25	1/4	1/4	9/8	1	2	1/16		1/16	1	-1	7	85	C#6	6	509
47	47	695/4	0.25	5/16	5/16	9/8	2	1	1/16		1/16	1		12	60	B#3	3	519
47	47	695/4	0.25	5/16	5/16	9/8	1	2	1/16		1/16	1		12	72	B#4	4	510
47	47	695/4	0.25	5/16	5/16	9/8	1	2	1/16		1/16	1		12	84	B#5	5	510
47	47	174	1.0	3/8	3/8	9/8	2	1	1/4		1/4	1	1	7	61	C#4	4	520
47	47	174	1.5	3/8	3/8	9/8	2	2	3/8		1/4	3/2		4	64	E4	4	527
47	47	174	1.5	3/8	3/8	9/8	2	2	3/8		1/4	3/2		1	67	G4	4	527
47	47	174	1.5	3/8	3/8	9/8	2	2	3/8		1/4	3/2		3	69	A4	4	527
47	47	174	1.0	3/8	3/8	9/8	1	2	1/4		1/4	1	1	7	73	C#5	5	511
47	47	174	1.5	3/8	3/8	9/8	1	1	3/8		1/4	3/2		1	79	G5	5	506
47	47	174	1.5	3/8	3/8	9/8	1	1	3/8		1/4	3/2		3	81	A5	5	506
47	47	174	1.0	3/8	3/8	9/8	1	2	1/4		1/4	1	1	7	85	C#6	6	511
47	47	175	0.25	5/8	5/8	9/8	2	1	1/16		1/16	1	-1	7	61	C#4	4	521
47	47	175	0.25	5/8	5/8	9/8	1	2	1/16		1/16	1	-1	7	73	C#5	5	512
47	47	175	0.25	5/8	5/8	9/8	1	2	1/16		1/16	1	-1	7	85	C#6	6	512
47	47	701/4	0.25	11/16	11/16	9/8	2	1	1/16		1/16	1		2	62	D4	4	522
47	47	701/4	0.25	11/16	11/16	9/8	1	2	1/16		1/16	1		2	74	D5	5	513
47	47	701/4	0.25	11/16	11/16	9/8	1	2	1/16		1/16	1		2	86	D6	6	513
47	47	351/2	1.0	3/4	3/4	9/8	2	1	1/4		1/4	1		7	61	C#4	4	523
47	47	351/2	1.5	3/4	3/4	9/8	2	2	3/8		1/4	3/2		9	63	D#4	4	528
47	47	351/2	1.5	3/4	3/4	9/8	2	2	3/8		1/4	3/2		6	66	F#4	4	528
47	47	351/2	1.5	3/4	3/4	9/8	2	2	3/8		1/4	3/2		10	70	A#4	4	528
47	47	351/2	1.0	3/4	3/4	9/8	1	2	1/4		1/4	1		7	73	C#5	5	514
47	47	351/2	1.5	3/4	3/4	9/8	1	1	3/8		1/4	3/2		6	78	F#5	5	507
47	47	351/2	1.5	3/4	3/4	9/8	1	1	3/8		1/4	3/2		10	82	A#5	5	507
47	47	351/2	1.0	3/4	3/4	9/8	1	2	1/4		1/4	1		7	85	C#6	6	514
47	47	353/2	0.25	1	1	9/8	2	1	1/16		1/16	1		12	60	B#3	3	524
47	47	353/2	0.25	1	1	9/8	1	2	1/16		1/16	1		12	72	B#4	4	515
47	47	353/2	0.25	1	1	9/8	1	2	1/16		1/16	1		12	84	B#5	5	515
47	47	707/4	0.25	17/16	17/16	9/8	2	1	1/16		1/16	1		10	58	A#3	3	525
47	47	707/4	0.25	17/16	17/16	9/8	1	2	1/16		1/16	1		10	70	A#4	4	516
47	47	707/4	0.25	17/16	17/16	9/8	1	2	1/16		1/16	1		10	82	A#5	5	516
48	48	177	1.0	0	0	9/8	2	1	1/4		1/4	1	1	7	61	C#4	4	541
48	48	177	1.5	0	0	9/8	2	2	3/8		1/4	3/2		4	64	E4	4	550
48	48	177	1.5	0	0	9/8	2	2	3/8		1/4	3/2		1	67	G4	4	550
48	48	177	1.5	0	0	9/8	2	2	3/8		1/4	3/2		3	69	A4	4	550
48	48	177	1.0	0	0	9/8	1	2	1/4		1/4	1	1	7	73	C#5	5	532
48	48	177	1.5	0	0	9/8	1	1	3/8		1/4	3/2		1	79	G5	5	529
48	48	177	1.5	0	0	9/8	1	1	3/8		1/4	3/2		3	81	A5	5	529
48	48	177	1.0	0	0	9/8	1	2	1/4		1/4	1	1	7	85	C#6	6	532
48	48	355/2	0.5	1/8	1/8	9/8	3	1	1/8		1/8	1		8	32	G#1	1	553
48	48	178	0.25	1/4	1/4	9/8	2	1	1/16		1/16	1	-1	7	61	C#4	4	542
48	48	178	0.25	1/4	1/4	9/8	1	2	1/16		1/16	1	-1	7	73	C#5	5	533
48	48	178	0.25	1/4	1/4	9/8	1	2	1/16		1/16	1	-1	7	85	C#6	6	533
48	48	713/4	0.25	5/16	5/16	9/8	2	1	1/16		1/16	1		12	60	B#3	3	543
48	48	713/4	0.25	5/16	5/16	9/8	1	2	1/16		1/16	1		12	72	B#4	4	534
48	48	713/4	0.25	5/16	5/16	9/8	1	2	1/16		1/16	1		12	84	B#5	5	534
48	48	357/2	1.0	3/8	3/8	9/8	2	1	1/4		1/4	1	1	7	61	C#4	4	544
48	48	357/2	1.5	3/8	3/8	9/8	2	2	3/8		1/4	3/2		4	64	E4	4	551
48	48	357/2	1.5	3/8	3/8	9/8	2	2	3/8		1/4	3/2		1	67	G4	4	551
48	48	357/2	1.5	3/8	3/8	9/8	2	2	3/8		1/4	3/2		3	69	A4	4	551
48	48	357/2	1.0	3/8	3/8	9/8	1	2	1/4		1/4	1	1	7	73	C#5	5	535
48	48	357/2	1.5	3/8	3/8	9/8	1	1	3/8		1/4	3/2		1	79	G5	5	530
48	48	357/2	1.5	3/8	3/8	9/8	1	1	3/8		1/4	3/2		3	81	A5	5	530
48	48	357/2	1.0	3/8	3/8	9/8	1	2	1/4		1/4	1	1	7	85	C#6	6	535
48	48	179	0.5	1/2	1/2	9/8	3	1	1/8		1/8	1		8	32	G#1	1	554
48	48	359/2	0.25	5/8	5/8	9/8	2	1	1/16		1/16	1	-1	7	61	C#4	4	545
48	48	359/2	0.25	5/8	5/8	9/8	1	2	1/16		1/16	1	-1	7	73	C#5	5	536
48	48	359/2	0.25	5/8	5/8	9/8	1	2	1/16		1/16	1	-1	7	85	C#6	6	536
48	48	719/4	0.25	11/16	11/16	9/8	2	1	1/16		1/16	1		2	62	D4	4	546
48	48	719/4	0.25	11/16	11/16	9/8	1	2	1/16		1/16	1		2	74	D5	5	537
48	48	719/4	0.25	11/16	11/16	9/8	1	2	1/16		1/16	1		2	86	D6	6	537
48	48	180	1.0	3/4	3/4	9/8	2	1	1/4		1/4	1		7	61	C#4	4	547
48	48	180	1.5	3/4	3/4	9/8	2	2	3/8		1/4	3/2		9	63	D#4	4	552
48	48	180	1.5	3/4	3/4	9/8	2	2	3/8		1/4	3/2		6	66	F#4	4	552
48	48	180	1.5	3/4	3/4	9/8	2	2	3/8		1/4	3/2		10	70	A#4	4	552
48	48	180	1.0	3/4	3/4	9/8	1	2	1/4		1/4	1		7	73	C#5	5	538
48	48	180	1.5	3/4	3/4	9/8	1	1	3/8		1/4	3/2		6	78	F#5	5	531
48	48	180	1.5	3/4	3/4	9/8	1	1	3/8		1/4	3/2		10	82	A#5	5	531
48	48	180	1.0	3/4	3/4	9/8	1	2	1/4		1/4	1		7	85	C#6	6	538
48	48	361/2	0.5	7/8	7/8	9/8	3	1	1/8		1/8	1		8	32	G#1	1	555
48	48	181	0.25	1	1	9/8	2	1	1/16		1/16	1		12	60	B#3	3	548
48	48	181	0.25	1	1	9/8	1	2	1/16		1/16	1		12	72	B#4	4	539
48	48	181	0.25	1	1	9/8	1	2	1/16		1/16	1		12	84	B#5	5	539
48	48	725/4	0.25	17/16	17/16	9/8	2	1	1/16		1/16	1		10	58	A#3	3	549
48	48	725/4	0.25	17/16	17/16	9/8	1	2	1/16		1/16	1		10	70	A#4	4	540
48	48	725/4	0.25	17/16	17/16	9/8	1	2	1/16		1/16	1		10	82	A#5	5	540
49	49	363/2	1.0	0	0	9/8	2	1	1/4		1/4	1		6	66	F#4	4	567
49	49	363/2	1.5	0	0	9/8	2	2	3/8		1/4	3/2		10	70	A#4	4	575
49	49	363/2	1.5	0	0	9/8	2	2	3/8		1/4	3/2		12	72	B#4	4	575
49	49	363/2	1.0	0	0	9/8	1	2	1/4		1/4	1		6	78	F#5	5	559
49	49	363/2	1.5	0	0	9/8	1	1	3/8		1/4	3/2		12	84	B#5	5	556
49	49	363/2	1.0	0	0	9/8	1	2	1/4		1/4	1		6	90	F#6	6	559
49	49	182	0.5	1/8	1/8	9/8	3	1	1/8		1/8	1		8	32	G#1	1	578
49	49	365/2	0.25	1/4	1/4	9/8	2	1	1/16		1/16	1		9	63	D#4	4	568
49	49	365/2	0.25	1/4	1/4	9/8	1	2	1/16		1/16	1		7	73	C#5	5	560
49	49	365/2	0.25	1/4	1/4	9/8	1	2	1/16		1/16	1		7	85	C#6	6	560
49	49	731/4	0.25	5/16	5/16	9/8	2	1	1/16		1/16	1		7	61	C#4	4	569
49	49	731/4	0.25	5/16	5/16	9/8	1	2	1/16		1/16	1		12	72	B#4	4	561
49	49	731/4	0.25	5/16	5/16	9/8	1	2	1/16		1/16	1		12	84	B#5	5	561
49	49	183	1.0	3/8	3/8	9/8	2	1	1/4		1/4	1		10	58	A#3	3	570
49	49	183	1.5	3/8	3/8	9/8	2	2	3/8		1/4	3/2		7	61	C#4	4	576
49	49	183	1.5	3/8	3/8	9/8	2	2	3/8		1/4	3/2		9	63	D#4	4	576
49	49	183	1.5	3/8	3/8	9/8	2	2	3/8		1/4	3/2		6	66	F#4	4	576
49	49	183	1.0	3/8	3/8	9/8	1	2	1/4		1/4	1		10	70	A#4	4	562
49	49	183	1.5	3/8	3/8	9/8	1	1	3/8		1/4	3/2		9	75	D#5	5	557
49	49	183	1.0	3/8	3/8	9/8	1	2	1/4		1/4	1		10	82	A#5	5	562
49	49	367/2	0.5	1/2	1/2	9/8	3	1	1/8		1/8	1		8	32	G#1	1	579
49	49	184	0.25	5/8	5/8	9/8	2	1	1/16		1/16	1		6	54	F#3	3	571
49	49	184	0.25	5/8	5/8	9/8	1	2	1/16		1/16	1		6	66	F#4	4	563
49	49	184	0.25	5/8	5/8	9/8	1	2	1/16		1/16	1		6	78	F#5	5	563
49	49	737/4	0.25	11/16	11/16	9/8	2	1	1/16		1/16	1		11	53	E#3	3	572
49	49	737/4	0.25	11/16	11/16	9/8	1	2	1/16		1/16	1		11	65	E#4	4	564
49	49	737/4	0.25	11/16	11/16	9/8	1	2	1/16		1/16	1		11	77	E#5	5	564
49	49	369/2	1.0	3/4	3/4	9/8	2	1	1/4		1/4	1		14	50	C##3	3	573
49	49	369/2	1.5	3/4	3/4	9/8	2	2	3/8		1/4	3/2		8	56	G#3	3	577
49	49	369/2	1.5	3/4	3/4	9/8	2	2	3/8		1/4	3/2		12	60	B#3	3	577
49	49	369/2	1.0	3/4	3/4	9/8	1	2	1/4		1/4	1		14	62	C##4	4	565
49	49	369/2	1.5	3/4	3/4	9/8	1	1	3/8		1/4	3/2		8	68	G#4	4	558
49	49	369/2	1.5	3/4	3/4	9/8	1	1	3/8		1/4	3/2		12	72	B#4	4	558
49	49	369/2	1.0	3/4	3/4	9/8	1	2	1/4		1/4	1		14	74	C##5	5	565
49	49	185	0.5	7/8	7/8	9/8	3	1	1/8		1/8	1		8	32	G#1	1	580
49	49	371/2	0.5	1	1	9/8	2	1	1/8		1/8	1		13	55	F##3	3	574
49	49	371/2	0.5	1	1	9/8	1	2	1/8		1/8	1		13	67	F##4	4	566
49	49	371/2	0.5	1	1	9/8	1	2	1/8		1/8	1		13	79	F##5	5	566
50	50	186	1.0	0	0	9/8	2	1	1/4		1/4	1		10	70	A#4	4	592
50	50	186	1.5	0	0	9/8	2	2	3/8		1/4	3/2		12	72	B#4	4	600
50	50	186	1.5	0	0	9/8	2	2	3/8		1/4	3/2		9	75	D#5	5	600
50	50	186	1.5	0	0	9/8	2	2	3/8		1/4	3/2		6	78	F#5	5	600
50	50	186	1.0	0	0	9/8	1	2	1/4		1/4	1		10	82	A#5	5	584
50	50	186	1.5	0	0	9/8	1	1	3/8		1/4	3/2		9	87	D#6	6	581
50	50	186	1.0	0	0	9/8	1	2	1/4		1/4	1		10	94	A#6	6	584
50	50	373/2	0.5	1/8	1/8	9/8	3	1	1/8		1/8	1		8	32	G#1	1	603
50	50	187	0.25	1/4	1/4	9/8	2	1	1/16		1/16	1		9	63	D#4	4	593
50	50	187	0.25	1/4	1/4	9/8	1	2	1/16		1/16	1		9	75	D#5	5	585
50	50	187	0.25	1/4	1/4	9/8	1	2	1/16		1/16	1		9	87	D#6	6	585
50	50	749/4	0.25	5/16	5/16	9/8	2	1	1/16		1/16	1		7	61	C#4	4	594
50	50	749/4	0.25	5/16	5/16	9/8	1	2	1/16		1/16	1		7	73	C#5	5	586
50	50	749/4	0.25	5/16	5/16	9/8	1	2	1/16		1/16	1		7	85	C#6	6	586
50	50	375/2	1.0	3/8	3/8	9/8	2	1	1/4		1/4	1		10	58	A#3	3	595
50	50	375/2	1.5	3/8	3/8	9/8	2	2	3/8		1/4	3/2		7	61	C#4	4	601
50	50	375/2	1.5	3/8	3/8	9/8	2	2	3/8		1/4	3/2		9	63	D#4	4	601
50	50	375/2	1.5	3/8	3/8	9/8	2	2	3/8		1/4	3/2		6	66	F#4	4	601
50	50	375/2	1.0	3/8	3/8	9/8	1	2	1/4		1/4	1		10	70	A#4	4	587
50	50	375/2	1.5	3/8	3/8	9/8	1	1	3/8		1/4	3/2		9	75	D#5	5	582
50	50	375/2	1.0	3/8	3/8	9/8	1	2	1/4		1/4	1		10	82	A#5	5	587
50	50	188	0.5	1/2	1/2	9/8	3	1	1/8		1/8	1		8	32	G#1	1	604
50	50	377/2	0.25	5/8	5/8	9/8	2	1	1/16		1/16	1		6	54	F#3	3	596
50	50	377/2	0.25	5/8	5/8	9/8	1	2	1/16		1/16	1		6	66	F#4	4	588
50	50	377/2	0.25	5/8	5/8	9/8	1	2	1/16		1/16	1		6	78	F#5	5	588
50	50	755/4	0.25	11/16	11/16	9/8	2	1	1/16		1/16	1		11	53	E#3	3	597
50	50	755/4	0.25	11/16	11/16	9/8	1	2	1/16		1/16	1		11	65	E#4	4	589
50	50	755/4	0.25	11/16	11/16	9/8	1	2	1/16		1/16	1		11	77	E#5	5	589
50	50	189	1.0	3/4	3/4	9/8	2	1	1/4		1/4	1		14	50	C##3	3	598
50	50	189	1.5	3/4	3/4	9/8	2	2	3/8		1/4	3/2		8	56	G#3	3	602
50	50	189	1.5	3/4	3/4	9/8	2	2	3/8		1/4	3/2		12	60	B#3	3	602
50	50	189	1.0	3/4	3/4	9/8	1	2	1/4		1/4	1		14	62	C##4	4	590
50	50	189	1.5	3/4	3/4	9/8	1	1	3/8		1/4	3/2		8	68	G#4	4	583
50	50	189	1.0	3/4	3/4	9/8	1	2	1/4		1/4	1		14	74	C##5	5	590
50	50	379/2	0.5	7/8	7/8	9/8	3	1	1/8		1/8	1		8	32	G#1	1	605
50	50	190	0.5	1	1	9/8	2	1	1/8		1/8	1		13	55	F##3	3	599
50	50	190	0.5	1	1	9/8	1	2	1/8		1/8	1		13	67	F##4	4	591
50	50	190	0.5	1	1	9/8	1	2	1/8		1/8	1		13	79	F##5	5	591
51	51	381/2	3.0	0	0	9/8	1	1	3/4		1/2	3/2		10	58	A#3	3	606
51	51	381/2	3.0	0	0	9/8	1	2	3/4		1/2	3/2	1	12	60	B#3	3	610
51	51	381/2	3.0	0	0	9/8	1	2	3/4		1/2	3/2	1	11	65	E#4	4	610
51	51	381/2	3.0	0	0	9/8	2	1	3/4		1/2	3/2	1	6	66	F#4	4	612
51	51	381/2	3.0	0	0	9/8	2	1	3/4		1/2	3/2	1	10	70	A#4	4	612
51	51	381/2	3.0	0	0	9/8	2	1	3/4		1/2	3/2	1	11	77	E#5	5	612
51	51	191	0.5	1/8	1/8	9/8	3	1	1/8		1/8	1		8	32	G#1	1	614
51	51	385/2	0.5	1/2	1/2	9/8	3	1	1/8		1/8	1		8	32	G#1	1	615
51	51	387/2	0.5	3/4	3/4	9/8	1	1	1/8		1/8	1		15	57	G##3	3	607
51	51	387/2	1.5	3/4	3/4	9/8	1	2	3/8		1/4	3/2	-1	12	60	B#3	3	611
51	51	387/2	1.5	3/4	3/4	9/8	1	2	3/8		1/4	3/2	-1	11	65	E#4	4	611
51	51	387/2	1.5	3/4	3/4	9/8	2	1	3/8		1/4	3/2	-1	6	66	F#4	4	613
51	51	387/2	1.5	3/4	3/4	9/8	2	1	3/8		1/4	3/2	-1	10	70	A#4	4	613
51	51	387/2	1.5	3/4	3/4	9/8	2	1	3/8		1/4	3/2	-1	11	77	E#5	5	613
51	51	194	0.5	7/8	7/8	9/8	3	1	1/8		1/8	1		8	32	G#1	1	616
51	51	194	0.5	7/8	7/8	9/8	1	1	1/8		1/8	1		10	58	A#3	3	608
51	51	389/2	0.5	1	1	9/8	1	1	1/8		1/8	1		15	57	G##3	3	609
52	52	195	0.75	0	0	9/8	1	1	3/16		1/8	3/2		12	60	B#3	3	617
52	52	195	1.5	0	0	9/8	1	2	3/8		1/4	3/2		11	65	E#4	4	624
52	52	195	1.5	0	0	9/8	2	1	3/8		1/4	3/2		6	66	F#4	4	626
52	52	195	1.5	0	0	9/8	2	1	3/8		1/4	3/2		10	70	A#4	4	626
52	52	195	1.0	0	0	9/8	2	2	1/4		1/4	1	1	11	77	E#5	5	628
52	52	783/4	0.25	3/16	3/16	9/8	1	1	1/16		1/16	1		7	61	C#4	4	618
52	52	196	0.0	1/4	1/4	9/8	1	1	0	acciaccatura	1/8	1		9	63	D#4	4	619
52	52	196	0.25	1/4	1/4	9/8	1	1	1/16		1/16	1		14	62	C##4	4	620
52	52	196	0.25	1/4	1/4	9/8	2	2	1/16		1/16	1	-1	11	77	E#5	5	629
52	52	785/4	0.25	5/16	5/16	9/8	1	1	1/16		1/16	1		12	60	B#3	3	621
52	52	785/4	0.25	5/16	5/16	9/8	2	2	1/16		1/16	1		6	78	F#5	5	630
52	52	393/2	1.5	3/8	3/8	9/8	1	1	3/8		1/4	3/2		10	58	A#3	3	622
52	52	393/2	3.0	3/8	3/8	9/8	1	2	3/4		1/2	3/2		12	60	B#3	3	625
52	52	393/2	3.0	3/8	3/8	9/8	1	2	3/4		1/2	3/2		11	65	E#4	4	625
52	52	393/2	3.0	3/8	3/8	9/8	2	1	3/4		1/2	3/2		6	66	F#4	4	627
52	52	393/2	3.0	3/8	3/8	9/8	2	1	3/4		1/2	3/2		10	70	A#4	4	627
52	52	393/2	3.0	3/8	3/8	9/8	2	2	3/4		1/2	3/2		11	77	E#5	5	631
52	52	198	1.5	3/4	3/4	9/8	1	1	3/8		1/4	3/2		6	54	F#3	3	623
53	53	399/2	3.0	0	0	9/8	2	1	3/4		1/2	3/2	1	6	30	F#1	1	639
53	53	399/2	3.0	0	0	9/8	2	1	3/4		1/2	3/2	1	7	37	C#2	2	639
53	53	399/2	3.0	0	0	9/8	2	1	3/4		1/2	3/2	1	6	42	F#2	2	639
53	53	399/2	3.0	0	0	9/8	2	2	3/4		1/2	3/2	1	11	53	E#3	3	641
53	53	399/2	3.0	0	0	9/8	2	2	3/4		1/2	3/2	1	15	57	G##3	3	641
53	53	399/2	3.0	0	0	9/8	2	2	3/4		1/2	3/2	1	12	60	B#3	3	641
53	53	399/2	3.0	0	0	9/8	2	2	3/4		1/2	3/2	1	11	65	E#4	4	641
53	53	201	3.0	3/8	3/8	9/8	1	2	3/4		1/2	3/2		3	57	A3	3	638
53	53	201	3.0	3/8	3/8	9/8	1	2	3/4		1/2	3/2		0	60	C4	4	638
53	53	201	3.0	3/8	3/8	9/8	1	2	3/4		1/2	3/2		-1	65	F4	4	638
53	53	201	3.0	3/8	3/8	9/8	1	2	3/4		1/2	3/2		3	69	A4	4	638
53	53	201	3.0	3/8	3/8	9/8	1	2	3/4		1/2	3/2		0	72	C5	5	638
53	53	201	3.0	3/8	3/8	9/8	1	2	3/4		1/2	3/2		-1	77	F5	5	638
53	53	201	3.0	3/8	3/8	9/8	1	2	3/4		1/2	3/2		3	81	A5	5	638
53	53	201	0.75	3/8	3/8	9/8	1	1	3/16		1/8	3/2		0	84	C6	6	632
53	53	807/4	0.25	9/16	9/16	9/8	1	1	1/16		1/16	1		2	86	D6	6	633
53	53	202	0.25	5/8	5/8	9/8	1	1	1/16		1/16	1		4	88	E6	6	634
53	53	809/4	0.25	11/16	11/16	9/8	1	1	1/16		1/16	1		2	86	D6	6	635
53	53	405/2	1.5	3/4	3/4	9/8	2	1	3/8		1/4	3/2	-1	6	30	F#1	1	640
53	53	405/2	1.5	3/4	3/4	9/8	2	1	3/8		1/4	3/2	-1	7	37	C#2	2	640
53	53	405/2	1.5	3/4	3/4	9/8	2	1	3/8		1/4	3/2	-1	6	42	F#2	2	640
53	53	405/2	1.5	3/4	3/4	9/8	2	2	3/8		1/4	3/2	-1	11	53	E#3	3	642
53	53	405/2	1.5	3/4	3/4	9/8	2	2	3/8		1/4	3/2	-1	15	57	G##3	3	642
53	53	405/2	1.5	3/4	3/4	9/8	2	2	3/8		1/4	3/2	-1	12	60	B#3	3	642
53	53	405/2	1.5	3/4	3/4	9/8	2	2	3/8		1/4	3/2	-1	11	65	E#4	4	642
53	53	405/2	1.0	3/4	3/4	9/8	1	1	1/4		1/4	1		0	84	C6	6	636
53	53	407/2	0.5	1	1	9/8	1	1	1/8		1/8	1		3	81	A5	5	637
54	54	204	3.0	0	0	9/8	2	1	3/4		1/2	3/2	1	6	30	F#1	1	652
54	54	204	3.0	0	0	9/8	2	1	3/4		1/2	3/2	1	7	37	C#2	2	652
54	54	204	3.0	0	0	9/8	2	1	3/4		1/2	3/2	1	6	42	F#2	2	652
54	54	204	3.0	0	0	9/8	2	2	3/4		1/2	3/2	1	9	51	D#3	3	654
54	54	204	3.0	0	0	9/8	2	2	3/4		1/2	3/2	1	6	54	F#3	3	654
54	54	204	3.0	0	0	9/8	2	2	3/4		1/2	3/2	1	10	58	A#3	3	654
54	54	204	3.0	0	0	9/8	2	2	3/4		1/2	3/2	1	9	63	D#4	4	654
54	54	205	0.5	1/4	1/4	9/8	1	2	1/8		1/8	1		6	66	F#4	4	648
54	54	205	0.5	1/4	1/4	9/8	1	1	1/8		1/8	1		6	78	F#5	5	643
54	54	411/2	1.0	3/8	3/8	9/8	1	2	1/4		1/4	1		7	73	C#5	5	649
54	54	411/2	1.0	3/8	3/8	9/8	1	1	1/4		1/4	1		7	85	C#6	6	644
54	54	413/2	0.5	5/8	5/8	9/8	1	2	1/8		1/8	1		9	75	D#5	5	650
54	54	413/2	0.25	5/8	5/8	9/8	1	1	1/16		1/16	1		9	87	D#6	6	645
54	54	827/4	0.25	11/16	11/16	9/8	1	1	1/16		1/16	1	1	10	94	A#6	6	646
54	54	207	1.5	3/4	3/4	9/8	2	1	3/8		1/4	3/2	-1	6	30	F#1	1	653
54	54	207	1.5	3/4	3/4	9/8	2	1	3/8		1/4	3/2	-1	7	37	C#2	2	653
54	54	207	1.5	3/4	3/4	9/8	2	1	3/8		1/4	3/2	-1	6	42	F#2	2	653
54	54	207	1.5	3/4	3/4	9/8	2	2	3/8		1/4	3/2	-1	9	51	D#3	3	655
54	54	207	1.5	3/4	3/4	9/8	2	2	3/8		1/4	3/2	-1	6	54	F#3	3	655
54	54	207	1.5	3/4	3/4	9/8	2	2	3/8		1/4	3/2	-1	10	58	A#3	3	655
54	54	207	1.5	3/4	3/4	9/8	2	2	3/8		1/4	3/2	-1	9	63	D#4	4	655
54	54	207	1.5	3/4	3/4	9/8	1	2	3/8		1/4	3/2		10	82	A#5	5	651
54	54	207	1.5	3/4	3/4	9/8	1	2	3/8		1/4	3/2		7	85	C#6	6	651
54	54	207	1.5	3/4	3/4	9/8	1	2	3/8		1/4	3/2	-1	10	94	A#6	6	651
54	54	207	1.5	3/4	3/4	9/8	1	1	3/8		1/4	3/2		7	97	C#7	7	647
55	55	417/2	3.0	0	0	9/8	2	1	3/4		1/2	3/2	1	6	30	F#1	1	663
55	55	417/2	3.0	0	0	9/8	2	1	3/4		1/2	3/2	1	7	37	C#2	2	663
55	55	417/2	3.0	0	0	9/8	2	1	3/4		1/2	3/2	1	6	42	F#2	2	663
55	55	417/2	3.0	0	0	9/8	2	2	3/4		1/2	3/2	1	11	53	E#3	3	665
55	55	417/2	3.0	0	0	9/8	2	2	3/4		1/2	3/2	1	15	57	G##3	3	665
55	55	417/2	3.0	0	0	9/8	2	2	3/4		1/2	3/2	1	12	60	B#3	3	665
55	55	417/2	3.0	0	0	9/8	2	2	3/4		1/2	3/2	1	11	65	E#4	4	665
55	55	210	3.0	3/8	3/8	9/8	1	2	3/4		1/2	3/2		3	57	A3	3	662
55	55	210	3.0	3/8	3/8	9/8	1	2	3/4		1/2	3/2		0	60	C4	4	662
55	55	210	3.0	3/8	3/8	9/8	1	2	3/4		1/2	3/2		-1	65	F4	4	662
55	55	210	3.0	3/8	3/8	9/8	1	2	3/4		1/2	3/2		3	69	A4	4	662
55	55	210	3.0	3/8	3/8	9/8	1	2	3/4		1/2	3/2		0	72	C5	5	662
55	55	210	3.0	3/8	3/8	9/8	1	2	3/4		1/2	3/2		-1	77	F5	5	662
55	55	210	3.0	3/8	3/8	9/8	1	2	3/4		1/2	3/2		3	81	A5	5	662
55	55	210	0.75	3/8	3/8	9/8	1	1	3/16		1/8	3/2		0	84	C6	6	656
55	55	843/4	0.25	9/16	9/16	9/8	1	1	1/16		1/16	1		2	86	D6	6	657
55	55	211	0.25	5/8	5/8	9/8	1	1	1/16		1/16	1		4	88	E6	6	658
55	55	845/4	0.25	11/16	11/16	9/8	1	1	1/16		1/16	1		2	86	D6	6	659
55	55	423/2	1.5	3/4	3/4	9/8	2	1	3/8		1/4	3/2	-1	6	30	F#1	1	664
55	55	423/2	1.5	3/4	3/4	9/8	2	1	3/8		1/4	3/2	-1	7	37	C#2	2	664
55	55	423/2	1.5	3/4	3/4	9/8	2	1	3/8		1/4	3/2	-1	6	42	F#2	2	664
55	55	423/2	1.5	3/4	3/4	9/8	2	2	3/8		1/4	3/2	-1	11	53	E#3	3	666
55	55	423/2	1.5	3/4	3/4	9/8	2	2	3/8		1/4	3/2	-1	15	57	G##3	3	666
55	55	423/2	1.5	3/4	3/4	9/8	2	2	3/8		1/4	3/2	-1	12	60	B#3	3	666
55	55	423/2	1.5	3/4	3/4	9/8	2	2	3/8		1/4	3/2	-1	11	65	E#4	4	666
55	55	423/2	1.0	3/4	3/4	9/8	1	1	1/4		1/4	1		0	84	C6	6	660
55	55	425/2	0.5	1	1	9/8	1	1	1/8		1/8	1		3	81	A5	5	661
56	56	213	3.0	0	0	9/8	2	1	3/4		1/2	3/2	1	6	30	F#1	1	676
56	56	213	3.0	0	0	9/8	2	1	3/4		1/2	3/2	1	7	37	C#2	2	676
56	56	213	3.0	0	0	9/8	2	1	3/4		1/2	3/2	1	6	42	F#2	2	676
56	56	213	3.0	0	0	9/8	2	2	3/4		1/2	3/2	1	9	51	D#3	3	678
56	56	213	3.0	0	0	9/8	2	2	3/4		1/2	3/2	1	6	54	F#3	3	678
56	56	213	3.0	0	0	9/8	2	2	3/4		1/2	3/2	1	10	58	A#3	3	678
56	56	213	3.0	0	0	9/8	2	2	3/4		1/2	3/2	1	9	63	D#4	4	678
56	56	214	0.5	1/4	1/4	9/8	1	2	1/8		1/8	1		6	66	F#4	4	672
56	56	214	0.5	1/4	1/4	9/8	1	1	1/8		1/8	1		6	78	F#5	5	667
56	56	429/2	1.0	3/8	3/8	9/8	1	2	1/4		1/4	1		7	73	C#5	5	673
56	56	429/2	1.0	3/8	3/8	9/8	1	1	1/4		1/4	1		7	85	C#6	6	668
56	56	431/2	0.5	5/8	5/8	9/8	1	2	1/8		1/8	1		9	75	D#5	5	674
56	56	431/2	0.25	5/8	5/8	9/8	1	1	1/16		1/16	1		9	87	D#6	6	669
56	56	863/4	0.25	11/16	11/16	9/8	1	1	1/16		1/16	1	1	10	94	A#6	6	670
56	56	216	1.5	3/4	3/4	9/8	2	1	3/8		1/4	3/2	-1	6	30	F#1	1	677
56	56	216	1.5	3/4	3/4	9/8	2	1	3/8		1/4	3/2	-1	7	37	C#2	2	677
56	56	216	1.5	3/4	3/4	9/8	2	1	3/8		1/4	3/2	-1	6	42	F#2	2	677
56	56	216	1.5	3/4	3/4	9/8	2	2	3/8		1/4	3/2	-1	9	51	D#3	3	679
56	56	216	1.5	3/4	3/4	9/8	2	2	3/8		1/4	3/2	-1	6	54	F#3	3	679
56	56	216	1.5	3/4	3/4	9/8	2	2	3/8		1/4	3/2	-1	10	58	A#3	3	679
56	56	216	1.5	3/4	3/4	9/8	2	2	3/8		1/4	3/2	-1	9	63	D#4	4	679
56	56	216	1.5	3/4	3/4	9/8	1	2	3/8		1/4	3/2		10	82	A#5	5	675
56	56	216	1.5	3/4	3/4	9/8	1	2	3/8		1/4	3/2		7	85	C#6	6	675
56	56	216	1.5	3/4	3/4	9/8	1	2	3/8		1/4	3/2	-1	10	94	A#6	6	675
56	56	216	1.5	3/4	3/4	9/8	1	1	3/8		1/4	3/2		7	97	C#7	7	671
57	57	435/2	3.0	0	0	9/8	2	1	3/4		1/2	3/2		6	30	F#1	1	686
57	57	437/2	0.0	1/4	1/4	9/8	1	1	0	acciaccatura	1/8	1		9	51	D#3	3	680
57	57	437/2	0.0	1/4	1/4	9/8	2	2	0	acciaccatura	1/8	1		9	39	D#2	2	688
57	57	437/2	0.5	1/4	1/4	9/8	2	2	1/8		1/8	1	1	7	37	C#2	2	689
57	57	437/2	0.5	1/4	1/4	9/8	1	1	1/8		1/8	1	1	7	49	C#3	3	681
57	57	219	0.5	3/8	3/8	9/8	2	2	1/8		1/8	1	-1	7	37	C#2	2	690
57	57	219	0.5	3/8	3/8	9/8	1	1	1/8		1/8	1	-1	7	49	C#3	3	682
57	57	439/2	0.5	1/2	1/2	9/8	2	2	1/8		1/8	1		7	37	C#2	2	691
57	57	439/2	0.5	1/2	1/2	9/8	1	1	1/8		1/8	1		7	49	C#3	3	683
57	57	220	0.5	5/8	5/8	9/8	2	2	1/8		1/8	1	1	7	37	C#2	2	692
57	57	220	0.5	5/8	5/8	9/8	1	1	1/8		1/8	1	1	7	49	C#3	3	684
57	57	441/2	1.5	3/4	3/4	9/8	2	1	3/8		1/4	3/2		1	31	G1	1	687
57	57	441/2	1.5	3/4	3/4	9/8	2	2	3/8		1/4	3/2	-1	7	37	C#2	2	693
57	57	441/2	1.5	3/4	3/4	9/8	1	1	3/8		1/4	3/2	-1	7	49	C#3	3	685
58	58	222	3.0	0	0	9/8	2	1	3/4		1/2	3/2		6	30	F#1	1	700
58	58	223	0.0	1/4	1/4	9/8	1	1	0	acciaccatura	1/8	1		2	50	D3	3	694
58	58	223	0.0	1/4	1/4	9/8	2	2	0	acciaccatura	1/8	1		2	38	D2	2	702
58	58	223	0.5	1/4	1/4	9/8	2	2	1/8		1/8	1	1	7	37	C#2	2	703
58	58	223	0.5	1/4	1/4	9/8	1	1	1/8		1/8	1	1	7	49	C#3	3	695
58	58	447/2	0.5	3/8	3/8	9/8	2	2	1/8		1/8	1	-1	7	37	C#2	2	704
58	58	447/2	0.5	3/8	3/8	9/8	1	1	1/8		1/8	1	-1	7	49	C#3	3	696
58	58	224	0.5	1/2	1/2	9/8	2	2	1/8		1/8	1		7	37	C#2	2	705
58	58	224	0.5	1/2	1/2	9/8	1	1	1/8		1/8	1		7	49	C#3	3	697
58	58	449/2	0.5	5/8	5/8	9/8	2	2	1/8		1/8	1	1	7	37	C#2	2	706
58	58	449/2	0.5	5/8	5/8	9/8	1	1	1/8		1/8	1	1	7	49	C#3	3	698
58	58	225	1.5	3/4	3/4	9/8	2	1	3/8		1/4	3/2		1	31	G1	1	701
58	58	225	1.5	3/4	3/4	9/8	2	2	3/8		1/4	3/2	-1	7	37	C#2	2	707
58	58	225	1.5	3/4	3/4	9/8	1	1	3/8		1/4	3/2	-1	7	49	C#3	3	699
59	59	453/2	3.0	0	0	3/4	2	1	3/4		1/2	3/2		6	30	F#1	1	717
59	59	453/2	0.5	0	0	3/4	1	1	1/8		1/8	1		4	64	E4	4	708
59	59	227	0.5	1/8	1/8	3/4	1	1	1/8		1/8	1	1	5	71	B4	4	709
59	59	455/2	0.25	1/4	1/4	3/4	1	1	1/16		1/16	1	-1	5	71	B4	4	710
59	59	911/4	0.25	5/16	5/16	3/4	1	1	1/16		1/16	1		6	66	F#4	4	711
59	59	228	0.25	3/8	3/8	3/4	1	1	1/16		1/16	1		7	73	C#5	5	712
59	59	913/4	0.25	7/16	7/16	3/4	1	1	1/16		1/16	1		8	68	G#4	4	713
59	59	457/2	0.375	1/2	1/2	3/4	1	1	3/32		1/16	3/2		5	71	B4	4	714
59	59	1831/8	0.125	19/32	19/32	3/4	1	1	1/32		1/32	1		4	76	E5	5	715
59	59	229	0.5	5/8	5/8	3/4	1	1	1/8		1/8	1	1	7	73	C#5	5	716
60	60	459/2	1.0	0	0	3/4	2	1	1/4		1/4	1		6	30	F#1	1	727
60	60	459/2	1.0	0	0	3/4	1	1	1/4		1/4	1	0	7	73	C#5	5	718
60	60	461/2	1.0	1/4	1/4	3/4	2	1	1/4		1/4	1		8	32	G#1	1	728
60	60	461/2	0.25	1/4	1/4	3/4	1	1	1/16		1/16	1	-1	7	73	C#5	5	719
60	60	923/4	0.25	5/16	5/16	3/4	1	1	1/16		1/16	1		6	66	F#4	4	720
60	60	231	0.375	3/8	3/8	3/4	1	1	3/32		1/16	3/2		5	71	B4	4	721
60	60	1851/8	0.125	15/32	15/32	3/4	1	1	1/32		1/32	1		4	76	E5	5	722
60	60	463/2	1.0	1/2	1/2	3/4	2	1	1/4		1/4	1	1	5	35	B1	1	729
60	60	463/2	1.0	1/2	1/2	3/4	2	1	1/4		1/4	1	1	5	47	B2	2	729
60	60	463/2	1.0	1/2	1/2	3/4	2	2	1/4		1/4	1	1	6	54	F#3	3	730
60	60	463/2	1.0	1/2	1/2	3/4	1	1	1/4		1/4	1	1	9	63	D#4	4	723
60	60	463/2	1.0	1/2	1/2	3/4	1	1	1/4		1/4	1	1	8	68	G#4	4	723
60	60	463/2	1.0	1/2	1/2	3/4	1	1	1/4		1/4	1	1	7	73	C#5	5	723
60	60	927/4	0.25	9/16	9/16	3/4	1	2	1/16		1/16	1		7	85	C#6	6	724
60	60	232	0.375	5/8	5/8	3/4	1	2	3/32		1/16	3/2		6	90	F#6	6	725
60	60	1859/8	0.125	23/32	23/32	3/4	1	2	1/32		1/32	1		5	95	B6	6	726
61	61	465/2	1.0	0	0	3/4	2	1	1/4		1/4	1	-1	5	35	B1	1	733
61	61	465/2	1.0	0	0	3/4	2	1	1/4		1/4	1	-1	5	47	B2	2	733
61	61	465/2	1.0	0	0	3/4	2	2	1/4		1/4	1	-1	6	54	F#3	3	742
61	61	465/2	1.0	0	0	3/4	1	1	1/4		1/4	1	-1	9	63	D#4	4	731
61	61	465/2	1.0	0	0	3/4	1	1	1/4		1/4	1	-1	8	68	G#4	4	731
61	61	465/2	1.0	0	0	3/4	1	1	1/4		1/4	1	-1	7	73	C#5	5	731
61	61	465/2	0.5	0	0	3/4	1	2	1/8		1/8	1		8	92	G#6	6	732
61	61	467/2	0.3333333333333333	1/4	1/4	3/4	2	1	1/12		1/8	2/3		11	53	E#3	3	734
61	61	1403/6	0.3333333333333333	1/3	1/3	3/4	2	1	1/12		1/8	2/3		6	54	F#3	3	735
61	61	1405/6	0.3333333333333333	5/12	5/12	3/4	2	1	1/12		1/8	2/3		11	53	E#3	3	736
61	61	469/2	0.5	1/2	1/2	3/4	2	1	1/8		1/8	1		8	56	G#3	3	737
61	61	235	0.16666666666666666	5/8	5/8	3/4	2	1	1/24		1/16	2/3		3	57	A3	3	738
61	61	1411/6	0.0	2/3	2/3	3/4	2	1	0	acciaccatura	1/8	2/3		5	59	B3	3	739
61	61	1411/6	0.16666666666666666	2/3	2/3	3/4	2	1	1/24		1/16	2/3		10	58	A#3	3	740
61	61	706/3	0.16666666666666666	17/24	17/24	3/4	2	1	1/24		1/16	2/3		6	54	F#3	3	741
62	62	471/2	0.3333333333333333	0	0	3/4	2	2	1/12		1/8	2/3		-1	53	F3	3	750
62	62	471/2	1.0	0	0	3/4	2	1	1/4		1/4	1		-1	53	F3	3	743
62	62	1415/6	0.3333333333333333	1/12	1/12	3/4	2	2	1/12		1/8	2/3		-4	56	Ab3	3	751
62	62	1417/6	0.3333333333333333	1/6	1/6	3/4	2	2	1/12		1/8	2/3		0	60	C4	4	752
62	62	473/2	0.3333333333333333	1/4	1/4	3/4	2	1	1/12		1/8	2/3		2	62	D4	4	744
62	62	1421/6	0.3333333333333333	1/3	1/3	3/4	2	1	1/12		1/8	2/3		-1	65	F4	4	745
62	62	1423/6	0.3333333333333333	5/12	5/12	3/4	2	1	1/12		1/8	2/3		-4	68	Ab4	4	746
62	62	475/2	0.3333333333333333	1/2	1/2	3/4	2	1	1/12		1/8	2/3		0	72	C5	5	747
62	62	1427/6	0.3333333333333333	7/12	7/12	3/4	2	1	1/12		1/8	2/3		2	74	D5	5	748
62	62	1429/6	0.3333333333333333	2/3	2/3	3/4	2	1	1/12		1/8	2/3		-1	77	F5	5	749
63	63	477/2	0.0	0	0	3/4	1	2	0	grace32	1/32	1	1	9	87	D#6	6	756
63	63	477/2	0.0	0	0	3/4	1	2	0	grace32	1/32	1	1	5	83	B5	5	757
63	63	477/2	0.0	0	0	3/4	1	2	0	grace32	1/32	1	1	8	80	G#5	5	758
63	63	477/2	0.0	0	0	3/4	1	2	0	grace32	1/32	1	1	6	78	F#5	5	759
63	63	477/2	0.0	0	0	3/4	2	1	0	grace16	1/16	1		6	66	F#4	4	774
63	63	477/2	0.0	0	0	3/4	2	1	0	grace16	1/16	1	1	8	68	G#4	4	775
63	63	477/2	0.5	0	0	3/4	2	2	1/8		1/8	1		6	66	F#4	4	781
63	63	477/2	1.0	0	0	3/4	2	1	1/4		1/4	1	-1	8	68	G#4	4	776
63	63	477/2	1.0	0	0	3/4	2	1	1/4		1/4	1		5	71	B4	4	776
63	63	477/2	1.0	0	0	3/4	1	1	1/4		1/4	1		9	75	D#5	5	753
63	63	477/2	0.5	0	0	3/4	1	2	1/8		1/8	1	-1	6	78	F#5	5	760
63	63	477/2	0.5	0	0	3/4	1	2	1/8		1/8	1	-1	8	80	G#5	5	760
63	63	477/2	0.5	0	0	3/4	1	2	1/8		1/8	1	-1	5	83	B5	5	760
63	63	477/2	0.5	0	0	3/4	1	2	1/8		1/8	1	-1	9	87	D#6	6	760
63	63	239	0.5	1/8	1/8	3/4	2	2	1/8		1/8	1		-1	65	F4	4	782
63	63	239	0.5	1/8	1/8	3/4	1	2	1/8		1/8	1		-1	77	F5	5	761
63	63	479/2	0.0	1/4	1/4	3/4	1	2	0	grace32	1/32	1	1	7	85	C#6	6	762
63	63	479/2	0.0	1/4	1/4	3/4	1	2	0	grace32	1/32	1	1	3	81	A5	5	763
63	63	479/2	0.0	1/4	1/4	3/4	1	2	0	grace32	1/32	1	1	6	78	F#5	5	764
63	63	479/2	0.0	1/4	1/4	3/4	1	2	0	grace32	1/32	1	1	4	76	E5	5	765
63	63	479/2	0.0	1/4	1/4	3/4	2	1	0	grace16	1/16	1		4	64	E4	4	777
63	63	479/2	0.0	1/4	1/4	3/4	2	1	0	grace16	1/16	1	1	6	66	F#4	4	778
63	63	479/2	0.5	1/4	1/4	3/4	2	2	1/8		1/8	1		4	64	E4	4	783
63	63	479/2	1.0	1/4	1/4	3/4	2	1	1/4		1/4	1	-1	6	66	F#4	4	779
63	63	479/2	1.0	1/4	1/4	3/4	2	1	1/4		1/4	1		3	69	A4	4	779
63	63	479/2	1.0	1/4	1/4	3/4	1	1	1/4		1/4	1		7	73	C#5	5	754
63	63	479/2	0.5	1/4	1/4	3/4	1	2	1/8		1/8	1	-1	4	76	E5	5	766
63	63	479/2	0.5	1/4	1/4	3/4	1	2	1/8		1/8	1	-1	6	78	F#5	5	766
63	63	479/2	0.5	1/4	1/4	3/4	1	2	1/8		1/8	1	-1	3	81	A5	5	766
63	63	479/2	0.5	1/4	1/4	3/4	1	2	1/8		1/8	1	-1	7	85	C#6	6	766
63	63	240	0.5	3/8	3/8	3/4	2	2	1/8		1/8	1		9	63	D#4	4	784
63	63	240	0.5	3/8	3/8	3/4	1	2	1/8		1/8	1		9	75	D#5	5	767
63	63	481/2	0.0	1/2	1/2	3/4	1	2	0	grace32	1/32	1	1	8	80	G#5	5	768
63	63	481/2	0.0	1/2	1/2	3/4	1	2	0	grace32	1/32	1	1	6	78	F#5	5	769
63	63	481/2	0.0	1/2	1/2	3/4	1	2	0	grace32	1/32	1	1	2	74	D5	5	770
63	63	481/2	0.0	1/2	1/2	3/4	1	2	0	grace32	1/32	1	1	5	71	B4	4	771
63	63	481/2	0.0	1/2	1/2	3/4	2	2	0	acciaccatura	1/8	1	1	2	62	D4	4	785
63	63	481/2	0.5	1/2	1/2	3/4	2	2	1/8		1/8	1	-1	2	62	D4	4	786
63	63	481/2	1.0	1/2	1/2	3/4	2	1	1/4		1/4	1	1	6	66	F#4	4	780
63	63	481/2	1.0	1/2	1/2	3/4	1	1	1/4		1/4	1	1	8	68	G#4	4	755
63	63	481/2	0.5	1/2	1/2	3/4	1	2	1/8		1/8	1	-1	5	71	B4	4	772
63	63	481/2	0.5	1/2	1/2	3/4	1	2	1/8		1/8	1	-1	2	74	D5	5	772
63	63	481/2	0.5	1/2	1/2	3/4	1	2	1/8		1/8	1	-1	6	78	F#5	5	772
63	63	481/2	0.5	1/2	1/2	3/4	1	2	1/8		1/8	1	-1	8	80	G#5	5	772
63	63	241	0.5	5/8	5/8	3/4	2	2	1/8		1/8	1		7	61	C#4	4	787
63	63	241	0.5	5/8	5/8	3/4	1	2	1/8		1/8	1		7	73	C#5	5	773
64	64	483/2	0.5	0	0	3/4	2	2	1/8		1/8	1		12	60	B#3	3	802
64	64	483/2	1.0	0	0	3/4	2	1	1/4		1/4	1	-1	6	66	F#4	4	800
64	64	483/2	1.0	0	0	3/4	1	1	1/4		1/4	1	-1	8	68	G#4	4	788
64	64	483/2	0.5	0	0	3/4	1	2	1/8		1/8	1		12	72	B#4	4	790
64	64	242	0.5	1/8	1/8	3/4	2	2	1/8		1/8	1		7	61	C#4	4	803
64	64	242	0.5	1/8	1/8	3/4	1	2	1/8		1/8	1		7	73	C#5	5	791
64	64	485/2	0.0	1/4	1/4	3/4	1	2	0	grace32	1/32	1	1	5	83	B5	5	792
64	64	485/2	0.0	1/4	1/4	3/4	1	2	0	grace32	1/32	1	1	1	79	G5	5	793
64	64	485/2	0.0	1/4	1/4	3/4	1	2	0	grace32	1/32	1	1	4	76	E5	5	794
64	64	485/2	0.0	1/4	1/4	3/4	1	2	0	grace32	1/32	1	1	2	74	D5	5	795
64	64	485/2	0.5	1/4	1/4	3/4	2	2	1/8		1/8	1		2	62	D4	4	804
64	64	485/2	2.0	1/4	1/4	3/4	2	1	1/2		1/2	1		1	67	G4	4	801
64	64	485/2	2.0	1/4	1/4	3/4	1	1	1/2		1/2	1		5	71	B4	4	789
64	64	485/2	0.5	1/4	1/4	3/4	1	2	1/8		1/8	1	-1	2	74	D5	5	796
64	64	485/2	0.5	1/4	1/4	3/4	1	2	1/8		1/8	1	-1	4	76	E5	5	796
64	64	485/2	0.5	1/4	1/4	3/4	1	2	1/8		1/8	1	-1	1	79	G5	5	796
64	64	485/2	0.5	1/4	1/4	3/4	1	2	1/8		1/8	1	-1	5	83	B5	5	796
64	64	243	0.5	3/8	3/8	3/4	2	2	1/8		1/8	1		9	63	D#4	4	805
64	64	243	0.5	3/8	3/8	3/4	1	2	1/8		1/8	1		9	75	D#5	5	797
64	64	487/2	0.5	1/2	1/2	3/4	2	2	1/8		1/8	1		4	64	E4	4	806
64	64	487/2	0.5	1/2	1/2	3/4	1	2	1/8		1/8	1		4	76	E5	5	798
64	64	244	0.5	5/8	5/8	3/4	2	2	1/8		1/8	1		11	65	E#4	4	807
64	64	244	0.5	5/8	5/8	3/4	1	2	1/8		1/8	1		11	77	E#5	5	799
65	65	489/2	0.0	0	0	3/4	1	2	0	grace32	1/32	1	1	9	87	D#6	6	811
65	65	489/2	0.0	0	0	3/4	1	2	0	grace32	1/32	1	1	5	83	B5	5	812
65	65	489/2	0.0	0	0	3/4	1	2	0	grace32	1/32	1	1	8	80	G#5	5	813
65	65	489/2	0.0	0	0	3/4	1	2	0	grace32	1/32	1	1	6	78	F#5	5	814
65	65	489/2	0.0	0	0	3/4	2	1	0	grace16	1/16	1		6	66	F#4	4	829
65	65	489/2	0.0	0	0	3/4	2	1	0	grace16	1/16	1	1	8	68	G#4	4	830
65	65	489/2	0.5	0	0	3/4	2	2	1/8		1/8	1		6	66	F#4	4	836
65	65	489/2	1.0	0	0	3/4	2	1	1/4		1/4	1	-1	8	68	G#4	4	831
65	65	489/2	1.0	0	0	3/4	2	1	1/4		1/4	1		5	71	B4	4	831
65	65	489/2	1.0	0	0	3/4	1	1	1/4		1/4	1		9	75	D#5	5	808
65	65	489/2	0.5	0	0	3/4	1	2	1/8		1/8	1	-1	6	78	F#5	5	815
65	65	489/2	0.5	0	0	3/4	1	2	1/8		1/8	1	-1	8	80	G#5	5	815
65	65	489/2	0.5	0	0	3/4	1	2	1/8		1/8	1	-1	5	83	B5	5	815
65	65	489/2	0.5	0	0	3/4	1	2	1/8		1/8	1	-1	9	87	D#6	6	815
65	65	245	0.5	1/8	1/8	3/4	2	2	1/8		1/8	1		-1	65	F4	4	837
65	65	245	0.5	1/8	1/8	3/4	1	2	1/8		1/8	1		-1	77	F5	5	816
65	65	491/2	0.0	1/4	1/4	3/4	1	2	0	grace32	1/32	1	1	7	85	C#6	6	817
65	65	491/2	0.0	1/4	1/4	3/4	1	2	0	grace32	1/32	1	1	3	81	A5	5	818
65	65	491/2	0.0	1/4	1/4	3/4	1	2	0	grace32	1/32	1	1	6	78	F#5	5	819
65	65	491/2	0.0	1/4	1/4	3/4	1	2	0	grace32	1/32	1	1	4	76	E5	5	820
65	65	491/2	0.0	1/4	1/4	3/4	2	1	0	grace16	1/16	1		4	64	E4	4	832
65	65	491/2	0.0	1/4	1/4	3/4	2	1	0	grace16	1/16	1	1	6	66	F#4	4	833
65	65	491/2	0.5	1/4	1/4	3/4	2	2	1/8		1/8	1		4	64	E4	4	838
65	65	491/2	1.0	1/4	1/4	3/4	2	1	1/4		1/4	1	-1	6	66	F#4	4	834
65	65	491/2	1.0	1/4	1/4	3/4	2	1	1/4		1/4	1		3	69	A4	4	834
65	65	491/2	1.0	1/4	1/4	3/4	1	1	1/4		1/4	1		7	73	C#5	5	809
65	65	491/2	0.5	1/4	1/4	3/4	1	2	1/8		1/8	1	-1	4	76	E5	5	821
65	65	491/2	0.5	1/4	1/4	3/4	1	2	1/8		1/8	1	-1	6	78	F#5	5	821
65	65	491/2	0.5	1/4	1/4	3/4	1	2	1/8		1/8	1	-1	3	81	A5	5	821
65	65	491/2	0.5	1/4	1/4	3/4	1	2	1/8		1/8	1	-1	7	85	C#6	6	821
65	65	246	0.5	3/8	3/8	3/4	2	2	1/8		1/8	1		9	63	D#4	4	839
65	65	246	0.5	3/8	3/8	3/4	1	2	1/8		1/8	1		9	75	D#5	5	822
65	65	493/2	0.0	1/2	1/2	3/4	1	2	0	grace32	1/32	1	1	8	80	G#5	5	823
65	65	493/2	0.0	1/2	1/2	3/4	1	2	0	grace32	1/32	1	1	6	78	F#5	5	824
65	65	493/2	0.0	1/2	1/2	3/4	1	2	0	grace32	1/32	1	1	2	74	D5	5	825
65	65	493/2	0.0	1/2	1/2	3/4	1	2	0	grace32	1/32	1	1	5	71	B4	4	826
65	65	493/2	0.0	1/2	1/2	3/4	2	2	0	acciaccatura	1/8	1	1	2	62	D4	4	840
65	65	493/2	0.5	1/2	1/2	3/4	2	2	1/8		1/8	1	-1	2	62	D4	4	841
65	65	493/2	1.0	1/2	1/2	3/4	2	1	1/4		1/4	1		6	66	F#4	4	835
65	65	493/2	1.0	1/2	1/2	3/4	1	1	1/4		1/4	1		8	68	G#4	4	810
65	65	493/2	0.5	1/2	1/2	3/4	1	2	1/8		1/8	1	-1	5	71	B4	4	827
65	65	493/2	0.5	1/2	1/2	3/4	1	2	1/8		1/8	1	-1	2	74	D5	5	827
65	65	493/2	0.5	1/2	1/2	3/4	1	2	1/8		1/8	1	-1	6	78	F#5	5	827
65	65	493/2	0.5	1/2	1/2	3/4	1	2	1/8		1/8	1	-1	8	80	G#5	5	827
65	65	247	0.5	5/8	5/8	3/4	2	2	1/8		1/8	1		7	61	C#4	4	842
65	65	247	0.5	5/8	5/8	3/4	1	2	1/8		1/8	1		7	73	C#5	5	828
66	66	495/2	3.0	0	0	3/4	2	1	3/4		1/2	3/2	1	8	32	G#1	1	846
66	66	495/2	1.0	0	0	3/4	1	1	1/4		1/4	1		3	57	A3	3	843
66	66	495/2	1.0	0	0	3/4	1	1	1/4		1/4	1		0	60	C4	4	843
66	66	495/2	1.0	0	0	3/4	1	1	1/4		1/4	1		2	62	D4	4	843
66	66	495/2	1.0	0	0	3/4	1	1	1/4		1/4	1		6	66	F#4	4	843
66	66	495/2	1.0	0	0	3/4	1	1	1/4		1/4	1		3	69	A4	4	843
66	66	497/2	1.0	1/4	1/4	3/4	1	1	1/4		1/4	1		1	55	G3	3	844
66	66	497/2	1.0	1/4	1/4	3/4	1	1	1/4		1/4	1		-2	58	Bb3	3	844
66	66	497/2	1.0	1/4	1/4	3/4	1	1	1/4		1/4	1		-5	61	Db4	4	844
66	66	497/2	1.0	1/4	1/4	3/4	1	1	1/4		1/4	1		-3	63	Eb4	4	844
66	66	497/2	1.0	1/4	1/4	3/4	1	1	1/4		1/4	1		1	67	G4	4	844
66	66	499/2	1.0	1/2	1/2	3/4	1	1	1/4		1/4	1		9	51	D#3	3	845
66	66	499/2	1.0	1/2	1/2	3/4	1	1	1/4		1/4	1		9	63	D#4	4	845
67	67	501/2	2.0	0	0	3/4	2	1	1/2		1/2	1	-1	8	32	G#1	1	850
67	67	501/2	1.0	0	0	3/4	1	1	1/4		1/4	1		7	49	C#3	3	847
67	67	501/2	2.0	0	0	3/4	1	2	1/2		1/2	1		6	54	F#3	3	849
67	67	501/2	2.0	0	0	3/4	1	2	1/2		1/2	1		8	56	G#3	3	849
67	67	501/2	1.0	0	0	3/4	1	1	1/4		1/4	1		7	61	C#4	4	847
67	67	503/2	2.0	1/4	1/4	3/4	1	1	1/2		1/2	1		8	44	G#2	2	848
67	67	503/2	2.0	1/4	1/4	3/4	1	1	1/2		1/2	1		8	56	G#3	3	848
67	67	505/2	1.0	1/2	1/2	3/4	2	1	1/4		1/4	1		8	32	G#1	1	851
68	68	507/2	1.0	0	0	3/4	2	1	1/4		1/4	1	1	7	25	C#1	1	861
68	68	507/2	0.5	0	0	3/4	1	1	1/8		1/8	1		4	64	E4	4	852
68	68	254	0.5	1/8	1/8	3/4	1	1	1/8		1/8	1	1	5	71	B4	4	853
68	68	509/2	0.5	1/4	1/4	3/4	2	1	1/8		1/8	1	-1	7	25	C#1	1	862
68	68	509/2	0.25	1/4	1/4	3/4	1	1	1/16		1/16	1	-1	5	71	B4	4	854
68	68	1019/4	0.25	5/16	5/16	3/4	1	1	1/16		1/16	1		6	66	F#4	4	855
68	68	255	0.25	3/8	3/8	3/4	1	1	1/16		1/16	1		7	73	C#5	5	856
68	68	1021/4	0.25	7/16	7/16	3/4	1	1	1/16		1/16	1		6	66	F#4	4	857
68	68	511/2	0.375	1/2	1/2	3/4	1	1	3/32		1/16	3/2		5	71	B4	4	858
68	68	2047/8	0.125	19/32	19/32	3/4	1	1	1/32		1/32	1		4	76	E5	5	859
68	68	256	0.5	5/8	5/8	3/4	1	1	1/8		1/8	1		7	73	C#5	5	860
69	69	513/2	3.0	0	0	3/4	2	1	3/4		1/2	3/2		3	45	A2	2	864
69	69	513/2	3.0	0	0	3/4	1	1	3/4		1/2	3/2		6	54	F#3	3	863
69	69	513/2	3.0	0	0	3/4	1	1	3/4		1/2	3/2		12	60	B#3	3	863
69	69	513/2	3.0	0	0	3/4	1	1	3/4		1/2	3/2		11	65	E#4	4	863
69	69	517/2	1.0	1/2	1/2	3/4	2	2	1/4		1/4	1		8	32	G#1	1	865
70	70	519/2	1.0	0	0	3/4	2	1	1/4		1/4	1	1	7	25	C#1	1	874
70	70	519/2	0.5	0	0	3/4	1	1	1/8		1/8	1		4	64	E4	4	866
70	70	260	0.5	1/8	1/8	3/4	1	1	1/8		1/8	1		5	71	B4	4	867
70	70	521/2	0.5	1/4	1/4	3/4	2	1	1/8		1/8	1	-1	7	25	C#1	1	875
70	70	521/2	0.3333333333333333	1/4	1/4	3/4	1	1	1/12		1/8	2/3		6	66	F#4	4	868
70	70	1565/6	0.3333333333333333	1/3	1/3	3/4	1	1	1/12		1/8	2/3		7	73	C#5	5	869
70	70	1567/6	0.3333333333333333	5/12	5/12	3/4	1	1	1/12		1/8	2/3		8	68	G#4	4	870
70	70	523/2	0.3333333333333333	1/2	1/2	3/4	1	1	1/12		1/8	2/3		5	71	B4	4	871
70	70	1571/6	0.3333333333333333	7/12	7/12	3/4	1	1	1/12		1/8	2/3		4	76	E5	5	872
70	70	1573/6	0.3333333333333333	2/3	2/3	3/4	1	1	1/12		1/8	2/3		7	73	C#5	5	873
71	71	525/2	1.0	0	0	3/4	1	1	1/4		1/4	1		1	67	G4	4	876
71	71	525/2	1.0	0	0	3/4	2	1	1/4		1/4	1		1	67	G4	4	879
71	71	525/2	1.0	0	0	3/4	1	1	1/4		1/4	1		5	71	B4	4	876
71	71	525/2	1.0	0	0	3/4	2	1	1/4		1/4	1		5	71	B4	4	879
71	71	525/2	1.0	0	0	3/4	1	1	1/4		1/4	1		2	74	D5	5	876
71	71	525/2	1.0	0	0	3/4	2	1	1/4		1/4	1		2	74	D5	5	879
71	71	525/2	1.0	0	0	3/4	1	1	1/4		1/4	1		1	79	G5	5	876
71	71	527/2	1.0	1/4	1/4	3/4	1	1	1/4		1/4	1		3	69	A4	4	877
71	71	527/2	1.0	1/4	1/4	3/4	2	1	1/4		1/4	1		3	69	A4	4	880
71	71	527/2	1.0	1/4	1/4	3/4	1	1	1/4		1/4	1		0	72	C5	5	877
71	71	527/2	1.0	1/4	1/4	3/4	2	1	1/4		1/4	1		0	72	C5	5	880
71	71	527/2	1.0	1/4	1/4	3/4	1	1	1/4		1/4	1		4	76	E5	5	877
71	71	527/2	1.0	1/4	1/4	3/4	2	1	1/4		1/4	1		4	76	E5	5	880
71	71	527/2	1.0	1/4	1/4	3/4	1	1	1/4		1/4	1		3	81	A5	5	877
71	71	529/2	1.0	1/2	1/2	3/4	1	1	1/4		1/4	1		0	72	C5	5	878
71	71	529/2	1.0	1/2	1/2	3/4	2	1	1/4		1/4	1		0	72	C5	5	881
71	71	529/2	1.0	1/2	1/2	3/4	1	1	1/4		1/4	1		4	76	E5	5	878
71	71	529/2	1.0	1/2	1/2	3/4	2	1	1/4		1/4	1		4	76	E5	5	881
71	71	529/2	1.0	1/2	1/2	3/4	1	1	1/4		1/4	1		1	79	G5	5	878
71	71	529/2	1.0	1/2	1/2	3/4	2	1	1/4		1/4	1		1	79	G5	5	881
71	71	529/2	1.0	1/2	1/2	3/4	1	1	1/4		1/4	1		0	84	C6	6	878
72	72	531/2	0.5	0	0	3/4	2	2	1/8		1/8	1		4	64	E4	4	884
72	72	266	0.5	1/8	1/8	3/4	2	2	1/8		1/8	1	1	5	71	B4	4	885
72	72	533/2	2.0	1/4	1/4	3/4	2	2	1/2		1/2	1	-1	5	71	B4	4	886
72	72	533/2	2.0	1/4	1/4	3/4	1	1	1/2		1/2	1		2	74	D5	5	882
72	72	533/2	2.0	1/4	1/4	3/4	2	1	1/2		1/2	1		2	74	D5	5	883
72	72	533/2	2.0	1/4	1/4	3/4	1	1	1/2		1/2	1		6	78	F#5	5	882
72	72	533/2	2.0	1/4	1/4	3/4	2	1	1/2		1/2	1		6	78	F#5	5	883
72	72	533/2	2.0	1/4	1/4	3/4	1	1	1/2		1/2	1		3	81	A5	5	882
72	72	533/2	2.0	1/4	1/4	3/4	2	1	1/2		1/2	1		3	81	A5	5	883
72	72	533/2	2.0	1/4	1/4	3/4	1	1	1/2		1/2	1		2	86	D6	6	882
73	73	537/2	0.5	0	0	3/4	2	2	1/8		1/8	1		4	64	E4	4	889
73	73	269	0.5	1/8	1/8	3/4	2	2	1/8		1/8	1	1	5	71	B4	4	890
73	73	539/2	2.0	1/4	1/4	3/4	2	2	1/2		1/2	1	-1	5	71	B4	4	891
73	73	539/2	2.0	1/4	1/4	3/4	1	1	1/2		1/2	1		9	75	D#5	5	887
73	73	539/2	2.0	1/4	1/4	3/4	2	1	1/2		1/2	1		9	75	D#5	5	888
73	73	539/2	2.0	1/4	1/4	3/4	1	1	1/2		1/2	1		13	79	F##5	5	887
73	73	539/2	2.0	1/4	1/4	3/4	2	1	1/2		1/2	1		13	79	F##5	5	888
73	73	539/2	2.0	1/4	1/4	3/4	1	1	1/2		1/2	1		10	82	A#5	5	887
73	73	539/2	2.0	1/4	1/4	3/4	2	1	1/2		1/2	1		10	82	A#5	5	888
73	73	539/2	2.0	1/4	1/4	3/4	1	1	1/2		1/2	1		9	87	D#6	6	887
74	74	543/2	3.0	0	0	3/4	2	2	3/4		1/2	3/2	1	7	37	C#2	2	898
74	74	543/2	3.0	0	0	3/4	2	2	3/4		1/2	3/2	1	8	44	G#2	2	898
74	74	543/2	3.0	0	0	3/4	2	1	3/4		1/2	3/2	1	4	52	E3	3	897
74	74	543/2	3.0	0	0	3/4	2	1	3/4		1/2	3/2	1	8	56	G#3	3	897
74	74	543/2	3.0	0	0	3/4	2	1	3/4		1/2	3/2	1	5	59	B3	3	897
74	74	543/2	3.0	0	0	3/4	1	1	3/4		1/2	3/2	1	7	61	C#4	4	892
74	74	543/2	3.0	0	0	3/4	1	1	3/4		1/2	3/2	1	4	64	E4	4	892
74	74	272	0.5	1/8	1/8	3/4	1	2	1/8		1/8	1	1	5	59	B3	3	893
74	74	272	0.5	1/8	1/8	3/4	1	2	1/8		1/8	1	1	5	71	B4	4	893
74	74	272	0.5	1/8	1/8	3/4	1	3	1/8		1/8	1	1	5	83	B5	5	895
74	74	272	0.5	1/8	1/8	3/4	1	3	1/8		1/8	1	1	5	95	B6	6	895
74	74	545/2	2.0	1/4	1/4	3/4	1	2	1/2		1/2	1	-1	5	59	B3	3	894
74	74	545/2	2.0	1/4	1/4	3/4	1	2	1/2		1/2	1	0	5	71	B4	4	894
74	74	545/2	2.0	1/4	1/4	3/4	1	3	1/2		1/2	1	0	5	83	B5	5	896
74	74	545/2	2.0	1/4	1/4	3/4	1	3	1/2		1/2	1	0	5	95	B6	6	896
75	75	549/2	3.0	0	0	3/4	2	2	3/4		1/2	3/2	-1	7	37	C#2	2	902
75	75	549/2	3.0	0	0	3/4	2	2	3/4		1/2	3/2	-1	8	44	G#2	2	902
75	75	549/2	3.0	0	0	3/4	2	1	3/4		1/2	3/2	-1	4	52	E3	3	901
75	75	549/2	3.0	0	0	3/4	2	1	3/4		1/2	3/2	-1	8	56	G#3	3	901
75	75	549/2	3.0	0	0	3/4	2	1	3/4		1/2	3/2	-1	5	59	B3	3	901
75	75	549/2	3.0	0	0	3/4	1	1	3/4		1/2	3/2	-1	7	61	C#4	4	899
75	75	549/2	3.0	0	0	3/4	1	1	3/4		1/2	3/2	-1	4	64	E4	4	899
75	75	549/2	3.0	0	0	3/4	1	1	3/4		1/2	3/2	-1	5	71	B4	4	899
75	75	549/2	1.0	0	0	3/4	1	2	1/4		1/4	1	-1	5	83	B5	5	900
75	75	549/2	1.0	0	0	3/4	1	2	1/4		1/4	1	-1	5	95	B6	6	900
