quarterbeats	duration_qb	mc	mn	mc_onset	mn_onset	timesig	staff	voice	duration	nominal_duration	scalar	tied	tpc	midi	chord_id
0	0.125	1	1	0	0	3/4	2	1	1/32	1/32	1		-7	59	0
1/8	0.125	1	1	1/32	1/32	3/4	2	1	1/32	1/32	1		-5	61	1
1/4	0.125	1	1	1/16	1/16	3/4	2	1	1/32	1/32	1		-3	63	2
3/8	0.125	1	1	3/32	3/32	3/4	2	1	1/32	1/32	1		-1	65	3
1/2	0.125	1	1	1/8	1/8	3/4	2	1	1/32	1/32	1		-6	66	4
5/8	0.125	1	1	5/32	5/32	3/4	2	1	1/32	1/32	1		-1	65	5
3/4	0.125	1	1	3/16	3/16	3/4	2	1	1/32	1/32	1		-3	63	6
7/8	0.125	1	1	7/32	7/32	3/4	2	1	1/32	1/32	1		-5	61	7
1	0.125	1	1	1/4	1/4	3/4	2	1	1/32	1/32	1		-3	63	8
9/8	0.125	1	1	9/32	9/32	3/4	2	1	1/32	1/32	1		-1	65	9
5/4	0.125	1	1	5/16	5/16	3/4	2	1	1/32	1/32	1		-6	66	10
11/8	0.125	1	1	11/32	11/32	3/4	2	1	1/32	1/32	1		-4	68	11
3/2	0.125	1	1	3/8	3/8	3/4	2	1	1/32	1/32	1		-2	70	12
13/8	0.125	1	1	13/32	13/32	3/4	2	1	1/32	1/32	1		-4	68	13
7/4	0.125	1	1	7/16	7/16	3/4	2	1	1/32	1/32	1		-6	66	14
15/8	0.125	1	1	15/32	15/32	3/4	2	1	1/32	1/32	1		-1	65	15
2	0.125	1	1	1/2	1/2	3/4	2	1	1/32	1/32	1		-3	63	16
17/8	0.125	1	1	17/32	17/32	3/4	2	1	1/32	1/32	1		-1	65	17
9/4	0.125	1	1	9/16	9/16	3/4	2	1	1/32	1/32	1		-6	66	18
19/8	0.125	1	1	19/32	19/32	3/4	2	1	1/32	1/32	1		-4	68	19
5/2	0.125	1	1	5/8	5/8	3/4	2	1	1/32	1/32	1		-6	66	20
21/8	0.125	1	1	21/32	21/32	3/4	2	1	1/32	1/32	1		-1	65	21
11/4	0.125	1	1	11/16	11/16	3/4	2	1	1/32	1/32	1		-3	63	22
23/8	0.125	1	1	23/32	23/32	3/4	2	1	1/32	1/32	1		-5	61	23
3	0.125	2	2	0	0	2/4	2	1	1/32	1/32	1		-7	59	24
25/8	0.125	2	2	1/32	1/32	2/4	2	1	1/32	1/32	1		-5	61	25
13/4	0.125	2	2	1/16	1/16	2/4	2	1	1/32	1/32	1		-3	63	26
27/8	0.125	2	2	3/32	3/32	2/4	2	1	1/32	1/32	1		-1	65	27
7/2	0.125	2	2	1/8	1/8	2/4	2	1	1/32	1/32	1		-6	66	28
29/8	0.125	2	2	5/32	5/32	2/4	2	1	1/32	1/32	1		-1	65	29
15/4	0.125	2	2	3/16	3/16	2/4	2	1	1/32	1/32	1		-3	63	30
31/8	0.125	2	2	7/32	7/32	2/4	2	1	1/32	1/32	1		-5	61	31
4	0.125	2	2	1/4	1/4	2/4	2	1	1/32	1/32	1		5	59	32
33/8	0.125	2	2	9/32	9/32	2/4	2	1	1/32	1/32	1		0	60	33
17/4	0.125	2	2	5/16	5/16	2/4	2	1	1/32	1/32	1		2	62	34
35/8	0.125	2	2	11/32	11/32	2/4	2	1	1/32	1/32	1		4	64	35
9/2	0.125	2	2	3/8	3/8	2/4	2	1	1/32	1/32	1		-1	65	36
37/8	0.125	2	2	13/32	13/32	2/4	2	1	1/32	1/32	1		4	64	37
19/4	0.125	2	2	7/16	7/16	2/4	2	1	1/32	1/32	1		2	62	38
39/8	0.125	2	2	15/32	15/32	2/4	2	1	1/32	1/32	1		0	60	39
5	0.125	3	3	0	0	2/4	2	1	1/32	1/32	1		-7	59	40
41/8	0.125	3	3	1/32	1/32	2/4	2	1	1/32	1/32	1		-5	61	41
21/4	0.125	3	3	1/16	1/16	2/4	2	1	1/32	1/32	1		-3	63	42
43/8	0.125	3	3	3/32	3/32	2/4	2	1	1/32	1/32	1		-1	65	43
11/2	0.125	3	3	1/8	1/8	2/4	2	1	1/32	1/32	1		-6	66	44
45/8	0.125	3	3	5/32	5/32	2/4	2	1	1/32	1/32	1		-1	65	45
23/4	0.125	3	3	3/16	3/16	2/4	2	1	1/32	1/32	1		-3	63	46
47/8	0.125	3	3	7/32	7/32	2/4	2	1	1/32	1/32	1		-5	61	47
6	0.125	3	3	1/4	1/4	2/4	2	1	1/32	1/32	1		5	59	48
49/8	0.125	3	3	9/32	9/32	2/4	2	1	1/32	1/32	1		0	60	49
25/4	0.125	3	3	5/16	5/16	2/4	2	1	1/32	1/32	1		2	62	50
51/8	0.125	3	3	11/32	11/32	2/4	2	1	1/32	1/32	1		4	64	51
13/2	0.125	3	3	3/8	3/8	2/4	2	1	1/32	1/32	1		-1	65	52
53/8	0.125	3	3	13/32	13/32	2/4	2	1	1/32	1/32	1		4	64	53
27/4	0.125	3	3	7/16	7/16	2/4	2	1	1/32	1/32	1		2	62	54
55/8	0.125	3	3	15/32	15/32	2/4	2	1	1/32	1/32	1		0	60	55
7	0.125	4	4	0	0	3/4	2	1	1/32	1/32	1		-4	56	56
7	0.25	4	4	0	0	3/4	2	2	1/16	1/16	1		-4	56	80
57/8	0.125	4	4	1/32	1/32	3/4	2	1	1/32	1/32	1		-2	58	57
29/4	0.125	4	4	1/16	1/16	3/4	2	1	1/32	1/32	1		-7	59	58
59/8	0.125	4	4	3/32	3/32	3/4	2	1	1/32	1/32	1		-5	61	59
15/2	0.125	4	4	1/8	1/8	3/4	2	1	1/32	1/32	1		-3	63	60
61/8	0.125	4	4	5/32	5/32	3/4	2	1	1/32	1/32	1		-5	61	61
31/4	0.125	4	4	3/16	3/16	3/4	2	1	1/32	1/32	1		-7	59	62
63/8	0.125	4	4	7/32	7/32	3/4	2	1	1/32	1/32	1		-2	58	63
8	0.125	4	4	1/4	1/4	3/4	2	1	1/32	1/32	1		1	55	64
8	0.25	4	4	1/4	1/4	3/4	2	2	1/16	1/16	1		1	55	81
65/8	0.125	4	4	9/32	9/32	3/4	2	1	1/32	1/32	1		3	57	65
33/4	0.125	4	4	5/16	5/16	3/4	2	1	1/32	1/32	1		5	59	66
67/8	0.125	4	4	11/32	11/32	3/4	2	1	1/32	1/32	1		0	60	67
17/2	0.125	4	4	3/8	3/8	3/4	2	1	1/32	1/32	1		2	62	68
69/8	0.125	4	4	13/32	13/32	3/4	2	1	1/32	1/32	1		0	60	69
35/4	0.125	4	4	7/16	7/16	3/4	2	1	1/32	1/32	1		5	59	70
71/8	0.125	4	4	15/32	15/32	3/4	2	1	1/32	1/32	1		3	57	71
9	0.125	4	4	1/2	1/2	3/4	2	1	1/32	1/32	1		-6	54	72
9	0.25	4	4	1/2	1/2	3/4	2	2	1/16	1/16	1		-6	54	82
73/8	0.125	4	4	17/32	17/32	3/4	2	1	1/32	1/32	1		-4	56	73
37/4	0.125	4	4	9/16	9/16	3/4	2	1	1/32	1/32	1		-2	58	74
75/8	0.125	4	4	19/32	19/32	3/4	2	1	1/32	1/32	1		-7	59	75
19/2	0.125	4	4	5/8	5/8	3/4	2	1	1/32	1/32	1		-5	61	76
77/8	0.125	4	4	21/32	21/32	3/4	2	1	1/32	1/32	1		-7	59	77
39/4	0.125	4	4	11/16	11/16	3/4	2	1	1/32	1/32	1		-2	58	78
79/8	0.125	4	4	23/32	23/32	3/4	2	1	1/32	1/32	1		-4	56	79
10	0.125	5	5	0	0	2/4	2	1	1/32	1/32	1		-1	53	83
81/8	0.125	5	5	1/32	1/32	2/4	2	1	1/32	1/32	1		-6	54	84
41/4	0.125	5	5	1/16	1/16	2/4	2	1	1/32	1/32	1		-4	56	85
83/8	0.125	5	5	3/32	3/32	2/4	2	1	1/32	1/32	1		-2	58	86
21/2	0.125	5	5	1/8	1/8	2/4	2	1	1/32	1/32	1		-7	59	87
85/8	0.125	5	5	5/32	5/32	2/4	2	1	1/32	1/32	1		-5	61	88
43/4	0.125	5	5	3/16	3/16	2/4	2	1	1/32	1/32	1		-3	63	89
87/8	0.125	5	5	7/32	7/32	2/4	2	1	1/32	1/32	1		-1	65	90
11	0.125	5	5	1/4	1/4	2/4	2	1	1/32	1/32	1		-4	68	91
89/8	0.125	5	5	9/32	9/32	2/4	2	1	1/32	1/32	1		-2	70	92
45/4	0.125	5	5	5/16	5/16	2/4	2	1	1/32	1/32	1		-7	71	93
91/8	0.125	5	5	11/32	11/32	2/4	2	1	1/32	1/32	1		-5	73	94
23/2	0.125	5	5	3/8	3/8	2/4	2	1	1/32	1/32	1		-3	75	95
93/8	0.125	5	5	13/32	13/32	2/4	2	1	1/32	1/32	1		-1	77	96
47/4	0.125	5	5	7/16	7/16	2/4	2	1	1/32	1/32	1		-6	78	97
95/8	0.125	5	5	15/32	15/32	2/4	2	1	1/32	1/32	1		-4	80	98
12	0.125	6	6	0	0	2/4	2	1	1/32	1/32	1		-7	83	99
97/8	0.125	6	6	1/32	1/32	2/4	2	1	1/32	1/32	1		-9	81	100
49/4	0.125	6	6	1/16	1/16	2/4	2	1	1/32	1/32	1		-4	80	101
99/8	0.125	6	6	3/32	3/32	2/4	2	1	1/32	1/32	1		-6	78	102
25/2	0.125	6	6	1/8	1/8	2/4	2	1	1/32	1/32	1		-8	76	103
101/8	0.125	6	6	5/32	5/32	2/4	2	1	1/32	1/32	1		-3	75	104
51/4	0.125	6	6	3/16	3/16	2/4	2	1	1/32	1/32	1		-5	73	105
103/8	0.125	6	6	7/32	7/32	2/4	2	1	1/32	1/32	1		-7	71	106
13	0.125	6	6	1/4	1/4	2/4	2	1	1/32	1/32	1		-9	69	107
105/8	0.125	6	6	9/32	9/32	2/4	2	1	1/32	1/32	1		-4	68	108
53/4	0.125	6	6	5/16	5/16	2/4	2	1	1/32	1/32	1		-6	66	109
107/8	0.125	6	6	11/32	11/32	2/4	2	1	1/32	1/32	1		-8	64	110
27/2	0.125	6	6	3/8	3/8	2/4	2	1	1/32	1/32	1		-5	61	111
109/8	0.125	6	6	13/32	13/32	2/4	2	1	1/32	1/32	1		-7	59	112
55/4	0.125	6	6	7/16	7/16	2/4	2	1	1/32	1/32	1		-9	57	113
111/8	0.125	6	6	15/32	15/32	2/4	2	1	1/32	1/32	1		-4	56	114
14	0.125	7	7	0	0	2/4	2	1	1/32	1/32	1		-1	53	115
113/8	0.125	7	7	1/32	1/32	2/4	2	1	1/32	1/32	1		-6	54	116
57/4	0.125	7	7	1/16	1/16	2/4	2	1	1/32	1/32	1		-4	56	117
115/8	0.125	7	7	3/32	3/32	2/4	2	1	1/32	1/32	1		-2	58	118
29/2	0.125	7	7	1/8	1/8	2/4	2	1	1/32	1/32	1		0	60	119
117/8	0.125	7	7	5/32	5/32	2/4	2	1	1/32	1/32	1		5	59	120
59/4	0.125	7	7	3/16	3/16	2/4	2	1	1/32	1/32	1		3	57	121
119/8	0.125	7	7	7/32	7/32	2/4	2	1	1/32	1/32	1		1	55	122
15	0.125	7	7	1/4	1/4	2/4	2	1	1/32	1/32	1		-4	56	123
121/8	0.125	7	7	9/32	9/32	2/4	2	1	1/32	1/32	1		-2	58	124
61/4	0.125	7	7	5/16	5/16	2/4	2	1	1/32	1/32	1		-7	59	125
123/8	0.125	7	7	11/32	11/32	2/4	2	1	1/32	1/32	1		-5	61	126
31/2	0.125	7	7	3/8	3/8	2/4	2	1	1/32	1/32	1		2	62	127
125/8	0.125	7	7	13/32	13/32	2/4	2	1	1/32	1/32	1		0	60	128
63/4	0.125	7	7	7/16	7/16	2/4	2	1	1/32	1/32	1		5	59	129
127/8	0.125	7	7	15/32	15/32	2/4	2	1	1/32	1/32	1		3	57	130
16	0.125	8	8	0	0	2/4	2	1	1/32	1/32	1		-1	53	131
129/8	0.125	8	8	1/32	1/32	2/4	2	1	1/32	1/32	1		-6	54	132
65/4	0.125	8	8	1/16	1/16	2/4	2	1	1/32	1/32	1		-4	56	133
131/8	0.125	8	8	3/32	3/32	2/4	2	1	1/32	1/32	1		-2	58	134
33/2	0.125	8	8	1/8	1/8	2/4	2	1	1/32	1/32	1		0	60	135
133/8	0.125	8	8	5/32	5/32	2/4	2	1	1/32	1/32	1		5	59	136
67/4	0.125	8	8	3/16	3/16	2/4	2	1	1/32	1/32	1		3	57	137
135/8	0.125	8	8	7/32	7/32	2/4	2	1	1/32	1/32	1		1	55	138
17	0.125	8	8	1/4	1/4	2/4	2	1	1/32	1/32	1		-4	56	139
137/8	0.125	8	8	9/32	9/32	2/4	2	1	1/32	1/32	1		-2	58	140
69/4	0.125	8	8	5/16	5/16	2/4	2	1	1/32	1/32	1		-7	59	141
139/8	0.125	8	8	11/32	11/32	2/4	2	1	1/32	1/32	1		-5	61	142
35/2	0.125	8	8	3/8	3/8	2/4	2	1	1/32	1/32	1		2	62	143
141/8	0.125	8	8	13/32	13/32	2/4	2	1	1/32	1/32	1		0	60	144
71/4	0.125	8	8	7/16	7/16	2/4	2	1	1/32	1/32	1		5	59	145
143/8	0.125	8	8	15/32	15/32	2/4	2	1	1/32	1/32	1		3	57	146
18	0.125	9	9	0	0	2/4	2	1	1/32	1/32	1		-5	61	147
145/8	0.125	9	9	1/32	1/32	2/4	2	1	1/32	1/32	1		-3	63	148
73/4	0.125	9	9	1/16	1/16	2/4	2	1	1/32	1/32	1		-1	65	149
147/8	0.125	9	9	3/32	3/32	2/4	2	1	1/32	1/32	1		-6	66	150
37/2	0.125	9	9	1/8	1/8	2/4	2	1	1/32	1/32	1		1	67	151
149/8	0.125	9	9	5/32	5/32	2/4	2	1	1/32	1/32	1		-1	65	152
75/4	0.125	9	9	3/16	3/16	2/4	2	1	1/32	1/32	1		4	64	153
151/8	0.125	9	9	7/32	7/32	2/4	2	1	1/32	1/32	1		2	62	154
19	0.125	9	9	1/4	1/4	2/4	2	1	1/32	1/32	1		-5	73	155
153/8	0.125	9	9	9/32	9/32	2/4	2	1	1/32	1/32	1		-3	75	156
77/4	0.125	9	9	5/16	5/16	2/4	2	1	1/32	1/32	1		-1	77	157
155/8	0.125	9	9	11/32	11/32	2/4	2	1	1/32	1/32	1		-6	78	158
39/2	0.125	9	9	3/8	3/8	2/4	2	1	1/32	1/32	1		1	79	159
157/8	0.125	9	9	13/32	13/32	2/4	2	1	1/32	1/32	1		-1	77	160
79/4	0.125	9	9	7/16	7/16	2/4	2	1	1/32	1/32	1		4	76	161
159/8	0.125	9	9	15/32	15/32	2/4	2	1	1/32	1/32	1		2	74	162
20	0.125	10	10	0	0	2/4	2	1	1/32	1/32	1		-5	85	163
161/8	0.125	10	10	1/32	1/32	2/4	2	1	1/32	1/32	1		-7	83	164
81/4	0.125	10	10	1/16	1/16	2/4	2	1	1/32	1/32	1		-2	82	165
163/8	0.125	10	10	3/32	3/32	2/4	2	1	1/32	1/32	1		-4	80	166
41/2	0.125	10	10	1/8	1/8	2/4	2	1	1/32	1/32	1		1	79	167
165/8	0.125	10	10	5/32	5/32	2/4	2	1	1/32	1/32	1		-1	77	168
83/4	0.125	10	10	3/16	3/16	2/4	2	1	1/32	1/32	1		4	76	169
167/8	0.125	10	10	7/32	7/32	2/4	2	1	1/32	1/32	1		2	74	170
21	0.125	10	10	1/4	1/4	2/4	2	1	1/32	1/32	1		-5	73	171
169/8	0.125	10	10	9/32	9/32	2/4	2	1	1/32	1/32	1		-7	71	172
85/4	0.125	10	10	5/16	5/16	2/4	2	1	1/32	1/32	1		-2	70	173
171/8	0.125	10	10	11/32	11/32	2/4	2	1	1/32	1/32	1		-4	68	174
43/2	0.125	10	10	3/8	3/8	2/4	2	1	1/32	1/32	1		1	67	175
173/8	0.125	10	10	13/32	13/32	2/4	2	1	1/32	1/32	1		-1	65	176
87/4	0.125	10	10	7/16	7/16	2/4	2	1	1/32	1/32	1		4	64	177
175/8	0.125	10	10	15/32	15/32	2/4	2	1	1/32	1/32	1		2	62	178
22	0.125	11	11	0	0	2/4	2	1	1/32	1/32	1		-5	61	179
177/8	0.125	11	11	1/32	1/32	2/4	2	1	1/32	1/32	1		-3	63	180
89/4	0.125	11	11	1/16	1/16	2/4	2	1	1/32	1/32	1		-1	65	181
179/8	0.125	11	11	3/32	3/32	2/4	2	1	1/32	1/32	1		-6	66	182
45/2	0.125	11	11	1/8	1/8	2/4	2	1	1/32	1/32	1		1	67	183
181/8	0.125	11	11	5/32	5/32	2/4	2	1	1/32	1/32	1		3	69	184
91/4	0.125	11	11	3/16	3/16	2/4	2	1	1/32	1/32	1		5	71	185
183/8	0.125	11	11	7/32	7/32	2/4	2	1	1/32	1/32	1		0	72	186
23	0.125	11	11	1/4	1/4	2/4	2	1	1/32	1/32	1		-5	73	187
185/8	0.125	11	11	9/32	9/32	2/4	2	1	1/32	1/32	1		-3	75	188
93/4	0.125	11	11	5/16	5/16	2/4	2	1	1/32	1/32	1		-1	77	189
187/8	0.125	11	11	11/32	11/32	2/4	2	1	1/32	1/32	1		-6	78	190
47/2	0.125	11	11	3/8	3/8	2/4	2	1	1/32	1/32	1		1	79	191
189/8	0.125	11	11	13/32	13/32	2/4	2	1	1/32	1/32	1		3	81	192
95/4	0.125	11	11	7/16	7/16	2/4	2	1	1/32	1/32	1		5	83	193
191/8	0.125	11	11	15/32	15/32	2/4	2	1	1/32	1/32	1		0	84	194
24	0.125	12	12	0	0	2/4	2	1	1/32	1/32	1		-3	87	195
193/8	0.125	12	12	1/32	1/32	2/4	2	1	1/32	1/32	1		-5	85	196
97/4	0.125	12	12	1/16	1/16	2/4	2	1	1/32	1/32	1		-7	83	197
195/8	0.125	12	12	3/32	3/32	2/4	2	1	1/32	1/32	1		-2	82	198
49/2	0.125	12	12	1/8	1/8	2/4	2	1	1/32	1/32	1		-4	80	199
197/8	0.125	12	12	5/32	5/32	2/4	2	1	1/32	1/32	1		-6	78	200
99/4	0.125	12	12	3/16	3/16	2/4	2	1	1/32	1/32	1		-1	77	201
199/8	0.125	12	12	7/32	7/32	2/4	2	1	1/32	1/32	1		-3	75	202
25	0.125	12	12	1/4	1/4	2/4	2	1	1/32	1/32	1		-5	73	203
201/8	0.125	12	12	9/32	9/32	2/4	2	1	1/32	1/32	1		-7	71	204
101/4	0.125	12	12	5/16	5/16	2/4	2	1	1/32	1/32	1		-2	70	205
203/8	0.125	12	12	11/32	11/32	2/4	2	1	1/32	1/32	1		-4	68	206
51/2	0.125	12	12	3/8	3/8	2/4	2	1	1/32	1/32	1		-6	66	207
205/8	0.125	12	12	13/32	13/32	2/4	2	1	1/32	1/32	1		-1	65	208
103/4	0.125	12	12	7/16	7/16	2/4	2	1	1/32	1/32	1		-3	63	209
207/8	0.125	12	12	15/32	15/32	2/4	2	1	1/32	1/32	1		-5	61	210
26	0.125	13	13	0	0	2/4	2	1	1/32	1/32	1		-2	58	211
209/8	0.125	13	13	1/32	1/32	2/4	2	1	1/32	1/32	1		0	60	212
105/4	0.125	13	13	1/16	1/16	2/4	2	1	1/32	1/32	1		2	62	213
211/8	0.125	13	13	3/32	3/32	2/4	2	1	1/32	1/32	1		-3	63	214
53/2	0.125	13	13	1/8	1/8	2/4	2	1	1/32	1/32	1		-1	65	215
213/8	0.125	13	13	5/32	5/32	2/4	2	1	1/32	1/32	1		-3	63	216
107/4	0.125	13	13	3/16	3/16	2/4	2	1	1/32	1/32	1		2	62	217
215/8	0.125	13	13	7/32	7/32	2/4	2	1	1/32	1/32	1		0	60	218
27	0.125	13	13	1/4	1/4	2/4	2	1	1/32	1/32	1		-1	65	219
217/8	0.125	13	13	9/32	9/32	2/4	2	1	1/32	1/32	1		1	67	220
109/4	0.125	13	13	5/16	5/16	2/4	2	1	1/32	1/32	1		-4	68	221
219/8	0.125	13	13	11/32	11/32	2/4	2	1	1/32	1/32	1		-2	70	222
55/2	0.125	13	13	3/8	3/8	2/4	2	1	1/32	1/32	1		2	74	223
221/8	0.125	13	13	13/32	13/32	2/4	2	1	1/32	1/32	1		0	72	224
111/4	0.125	13	13	7/16	7/16	2/4	2	1	1/32	1/32	1		-2	70	225
223/8	0.125	13	13	15/32	15/32	2/4	2	1	1/32	1/32	1		-4	68	226
28	0.125	14	14	0	0	2/4	2	1	1/32	1/32	1		-2	70	227
225/8	0.125	14	14	1/32	1/32	2/4	2	1	1/32	1/32	1		0	72	228
113/4	0.125	14	14	1/16	1/16	2/4	2	1	1/32	1/32	1		2	74	229
227/8	0.125	14	14	3/32	3/32	2/4	2	1	1/32	1/32	1		-3	75	230
57/2	0.125	14	14	1/8	1/8	2/4	2	1	1/32	1/32	1		1	79	231
229/8	0.125	14	14	5/32	5/32	2/4	2	1	1/32	1/32	1		-1	77	232
115/4	0.125	14	14	3/16	3/16	2/4	2	1	1/32	1/32	1		-3	75	233
231/8	0.125	14	14	7/32	7/32	2/4	2	1	1/32	1/32	1		2	74	234
29	0.125	14	14	1/4	1/4	2/4	2	1	1/32	1/32	1		-1	77	235
233/8	0.125	14	14	9/32	9/32	2/4	2	1	1/32	1/32	1		1	79	236
117/4	0.125	14	14	5/16	5/16	2/4	2	1	1/32	1/32	1		-4	80	237
235/8	0.125	14	14	11/32	11/32	2/4	2	1	1/32	1/32	1		-2	82	238
59/2	0.125	14	14	3/8	3/8	2/4	2	1	1/32	1/32	1		2	86	239
237/8	0.125	14	14	13/32	13/32	2/4	2	1	1/32	1/32	1		0	84	240
119/4	0.125	14	14	7/16	7/16	2/4	2	1	1/32	1/32	1		-2	82	241
239/8	0.125	14	14	15/32	15/32	2/4	2	1	1/32	1/32	1		-4	80	242
30	0.125	15	15	0	0	2/4	2	1	1/32	1/32	1		-3	87	243
241/8	0.125	15	15	1/32	1/32	2/4	2	1	1/32	1/32	1		-1	89	244
121/4	0.125	15	15	1/16	1/16	2/4	2	1	1/32	1/32	1		-3	87	245
243/8	0.125	15	15	3/32	3/32	2/4	2	1	1/32	1/32	1		-1	89	246
61/2	0.125	15	15	1/8	1/8	2/4	2	1	1/32	1/32	1		-4	80	247
245/8	0.125	15	15	5/32	5/32	2/4	2	1	1/32	1/32	1		-2	82	248
123/4	0.125	15	15	3/16	3/16	2/4	2	1	1/32	1/32	1		-4	80	249
247/8	0.125	15	15	7/32	7/32	2/4	2	1	1/32	1/32	1		-2	82	250
31	0.125	15	15	1/4	1/4	2/4	2	1	1/32	1/32	1		-3	75	251
249/8	0.125	15	15	9/32	9/32	2/4	2	1	1/32	1/32	1		-1	77	252
125/4	0.125	15	15	5/16	5/16	2/4	2	1	1/32	1/32	1		-3	75	253
251/8	0.125	15	15	11/32	11/32	2/4	2	1	1/32	1/32	1		-1	77	254
63/2	0.125	15	15	3/8	3/8	2/4	2	1	1/32	1/32	1		-4	80	255
253/8	0.125	15	15	13/32	13/32	2/4	2	1	1/32	1/32	1		-2	82	256
127/4	0.125	15	15	7/16	7/16	2/4	2	1	1/32	1/32	1		-4	80	257
255/8	0.125	15	15	15/32	15/32	2/4	2	1	1/32	1/32	1		-2	82	258
32	0.125	16	16	0	0	2/4	2	1	1/32	1/32	1		-3	75	259
257/8	0.125	16	16	1/32	1/32	2/4	2	1	1/32	1/32	1		-1	77	260
129/4	0.125	16	16	1/16	1/16	2/4	2	1	1/32	1/32	1		-3	75	261
259/8	0.125	16	16	3/32	3/32	2/4	2	1	1/32	1/32	1		-1	77	262
65/2	0.125	16	16	1/8	1/8	2/4	2	1	1/32	1/32	1		-4	68	263
261/8	0.125	16	16	5/32	5/32	2/4	2	1	1/32	1/32	1		-2	70	264
131/4	0.125	16	16	3/16	3/16	2/4	2	1	1/32	1/32	1		-4	68	265
263/8	0.125	16	16	7/32	7/32	2/4	2	1	1/32	1/32	1		-2	70	266
33	0.125	16	16	1/4	1/4	2/4	2	1	1/32	1/32	1		-3	63	267
265/8	0.125	16	16	9/32	9/32	2/4	2	1	1/32	1/32	1		-1	65	268
133/4	0.125	16	16	5/16	5/16	2/4	2	1	1/32	1/32	1		-3	63	269
267/8	0.125	16	16	11/32	11/32	2/4	2	1	1/32	1/32	1		-1	65	270
67/2	0.125	16	16	3/8	3/8	2/4	2	1	1/32	1/32	1		-4	68	271
269/8	0.125	16	16	13/32	13/32	2/4	2	1	1/32	1/32	1		-2	70	272
135/4	0.125	16	16	7/16	7/16	2/4	2	1	1/32	1/32	1		-4	68	273
271/8	0.125	16	16	15/32	15/32	2/4	2	1	1/32	1/32	1		-2	70	274
34	0.125	17	17	0	0	2/4	2	1	1/32	1/32	1		-2	58	275
34	0.25	17	17	0	0	2/4	2	2	1/16	1/16	1		-2	58	291
273/8	0.125	17	17	1/32	1/32	2/4	2	1	1/32	1/32	1		0	60	276
137/4	0.125	17	17	1/16	1/16	2/4	2	1	1/32	1/32	1		-2	58	277
275/8	0.125	17	17	3/32	3/32	2/4	2	1	1/32	1/32	1		0	60	278
69/2	0.125	17	17	1/8	1/8	2/4	2	1	1/32	1/32	1		-3	63	279
277/8	0.125	17	17	5/32	5/32	2/4	2	1	1/32	1/32	1		-4	68	280
139/4	0.125	17	17	3/16	3/16	2/4	2	1	1/32	1/32	1		-3	63	281
279/8	0.125	17	17	7/32	7/32	2/4	2	1	1/32	1/32	1		-4	68	282
35	0.125	17	17	1/4	1/4	2/4	2	1	1/32	1/32	1		-3	75	283
281/8	0.125	17	17	9/32	9/32	2/4	2	1	1/32	1/32	1		-1	77	284
141/4	0.125	17	17	5/16	5/16	2/4	2	1	1/32	1/32	1		-3	75	285
283/8	0.125	17	17	11/32	11/32	2/4	2	1	1/32	1/32	1		-1	77	286
71/2	0.125	17	17	3/8	3/8	2/4	2	1	1/32	1/32	1		-3	63	287
285/8	0.125	17	17	13/32	13/32	2/4	2	1	1/32	1/32	1		-4	68	288
143/4	0.125	17	17	7/16	7/16	2/4	2	1	1/32	1/32	1		-3	63	289
287/8	0.125	17	17	15/32	15/32	2/4	2	1	1/32	1/32	1		-4	68	290
36	0.125	18	18	0	0	2/4	2	1	1/32	1/32	1		-2	58	292
36	0.25	18	18	0	0	2/4	2	2	1/16	1/16	1		-2	58	308
289/8	0.125	18	18	1/32	1/32	2/4	2	1	1/32	1/32	1		0	60	293
145/4	0.125	18	18	1/16	1/16	2/4	2	1	1/32	1/32	1		-2	58	294
291/8	0.125	18	18	3/32	3/32	2/4	2	1	1/32	1/32	1		0	60	295
73/2	0.125	18	18	1/8	1/8	2/4	2	1	1/32	1/32	1		-5	61	296
293/8	0.125	18	18	5/32	5/32	2/4	2	1	1/32	1/32	1		-6	66	297
147/4	0.125	18	18	3/16	3/16	2/4	2	1	1/32	1/32	1		-5	61	298
295/8	0.125	18	18	7/32	7/32	2/4	2	1	1/32	1/32	1		-6	66	299
37	0.125	18	18	1/4	1/4	2/4	2	1	1/32	1/32	1		-4	68	300
297/8	0.125	18	18	9/32	9/32	2/4	2	1	1/32	1/32	1		-5	73	301
149/4	0.125	18	18	5/16	5/16	2/4	2	1	1/32	1/32	1		-4	68	302
299/8	0.125	18	18	11/32	11/32	2/4	2	1	1/32	1/32	1		-5	73	303
75/2	0.125	18	18	3/8	3/8	2/4	2	1	1/32	1/32	1		-6	66	304
301/8	0.125	18	18	13/32	13/32	2/4	2	1	1/32	1/32	1		-5	61	305
151/4	0.125	18	18	7/16	7/16	2/4	2	1	1/32	1/32	1		-6	66	306
303/8	0.125	18	18	15/32	15/32	2/4	2	1	1/32	1/32	1		-5	61	307
38	0.125	19	19	0	0	2/4	2	1	1/32	1/32	1		-2	58	309
38	0.25	19	19	0	0	2/4	2	2	1/16	1/16	1		-2	58	325
305/8	0.125	19	19	1/32	1/32	2/4	2	1	1/32	1/32	1		0	60	310
153/4	0.125	19	19	1/16	1/16	2/4	2	1	1/32	1/32	1		-2	58	311
307/8	0.125	19	19	3/32	3/32	2/4	2	1	1/32	1/32	1		0	60	312
77/2	0.125	19	19	1/8	1/8	2/4	2	1	1/32	1/32	1		2	62	313
309/8	0.125	19	19	5/32	5/32	2/4	2	1	1/32	1/32	1		1	67	314
155/4	0.125	19	19	3/16	3/16	2/4	2	1	1/32	1/32	1		2	62	315
311/8	0.125	19	19	7/32	7/32	2/4	2	1	1/32	1/32	1		1	67	316
39	0.125	19	19	1/4	1/4	2/4	2	1	1/32	1/32	1		3	69	317
313/8	0.125	19	19	9/32	9/32	2/4	2	1	1/32	1/32	1		0	72	318
157/4	0.125	19	19	5/16	5/16	2/4	2	1	1/32	1/32	1		3	69	319
315/8	0.125	19	19	11/32	11/32	2/4	2	1	1/32	1/32	1		0	72	320
79/2	0.125	19	19	3/8	3/8	2/4	2	1	1/32	1/32	1		1	67	321
317/8	0.125	19	19	13/32	13/32	2/4	2	1	1/32	1/32	1		2	62	322
159/4	0.125	19	19	7/16	7/16	2/4	2	1	1/32	1/32	1		1	67	323
319/8	0.125	19	19	15/32	15/32	2/4	2	1	1/32	1/32	1		2	62	324
40	0.125	20	20	0	0	2/4	2	1	1/32	1/32	1		-2	58	326
40	0.25	20	20	0	0	2/4	2	2	1/16	1/16	1		-2	58	342
321/8	0.125	20	20	1/32	1/32	2/4	2	1	1/32	1/32	1		0	60	327
161/4	0.125	20	20	1/16	1/16	2/4	2	1	1/32	1/32	1		-2	58	328
323/8	0.125	20	20	3/32	3/32	2/4	2	1	1/32	1/32	1		0	60	329
81/2	0.125	20	20	1/8	1/8	2/4	2	1	1/32	1/32	1		4	64	330
325/8	0.125	20	20	5/32	5/32	2/4	2	1	1/32	1/32	1		1	67	331
163/4	0.125	20	20	3/16	3/16	2/4	2	1	1/32	1/32	1		4	64	332
327/8	0.125	20	20	7/32	7/32	2/4	2	1	1/32	1/32	1		1	67	333
41	0.125	20	20	1/4	1/4	2/4	2	1	1/32	1/32	1		3	69	334
329/8	0.125	20	20	9/32	9/32	2/4	2	1	1/32	1/32	1		0	72	335
165/4	0.125	20	20	5/16	5/16	2/4	2	1	1/32	1/32	1		3	69	336
331/8	0.125	20	20	11/32	11/32	2/4	2	1	1/32	1/32	1		0	72	337
83/2	0.125	20	20	3/8	3/8	2/4	2	1	1/32	1/32	1		1	67	338
333/8	0.125	20	20	13/32	13/32	2/4	2	1	1/32	1/32	1		4	64	339
167/4	0.125	20	20	7/16	7/16	2/4	2	1	1/32	1/32	1		1	67	340
335/8	0.125	20	20	15/32	15/32	2/4	2	1	1/32	1/32	1		4	64	341
42	0.125	21	21	0	0	2/4	2	1	1/32	1/32	1		-2	58	343
42	0.25	21	21	0	0	2/4	2	2	1/16	1/16	1		-2	58	359
337/8	0.125	21	21	1/32	1/32	2/4	2	1	1/32	1/32	1		0	60	344
169/4	0.125	21	21	1/16	1/16	2/4	2	1	1/32	1/32	1		-2	58	345
339/8	0.125	21	21	3/32	3/32	2/4	2	1	1/32	1/32	1		0	60	346
85/2	0.125	21	21	1/8	1/8	2/4	2	1	1/32	1/32	1		-5	61	347
341/8	0.125	21	21	5/32	5/32	2/4	2	1	1/32	1/32	1		-1	65	348
171/4	0.125	21	21	3/16	3/16	2/4	2	1	1/32	1/32	1		-5	61	349
343/8	0.125	21	21	7/32	7/32	2/4	2	1	1/32	1/32	1		-1	65	350
43	0.125	21	21	1/4	1/4	2/4	2	1	1/32	1/32	1		3	57	351
345/8	0.125	21	21	9/32	9/32	2/4	2	1	1/32	1/32	1		0	60	352
173/4	0.125	21	21	5/16	5/16	2/4	2	1	1/32	1/32	1		3	57	353
347/8	0.125	21	21	11/32	11/32	2/4	2	1	1/32	1/32	1		0	60	354
87/2	0.125	21	21	3/8	3/8	2/4	2	1	1/32	1/32	1		-5	61	355
349/8	0.125	21	21	13/32	13/32	2/4	2	1	1/32	1/32	1		-1	65	356
175/4	0.125	21	21	7/16	7/16	2/4	2	1	1/32	1/32	1		-5	61	357
351/8	0.125	21	21	15/32	15/32	2/4	2	1	1/32	1/32	1		-1	65	358
44	0.125	22	22	0	0	2/4	2	1	1/32	1/32	1		-4	56	360
44	0.25	22	22	0	0	2/4	2	2	1/16	1/16	1		-4	56	376
353/8	0.125	22	22	1/32	1/32	2/4	2	1	1/32	1/32	1		0	60	361
177/4	0.125	22	22	1/16	1/16	2/4	2	1	1/32	1/32	1		-4	56	362
355/8	0.125	22	22	3/32	3/32	2/4	2	1	1/32	1/32	1		0	60	363
89/2	0.125	22	22	1/8	1/8	2/4	2	1	1/32	1/32	1		-5	61	364
357/8	0.125	22	22	5/32	5/32	2/4	2	1	1/32	1/32	1		-1	65	365
179/4	0.125	22	22	3/16	3/16	2/4	2	1	1/32	1/32	1		-5	61	366
359/8	0.125	22	22	7/32	7/32	2/4	2	1	1/32	1/32	1		-1	65	367
45	0.125	22	22	1/4	1/4	2/4	2	1	1/32	1/32	1		1	55	368
45	0.25	22	22	1/4	1/4	2/4	2	2	1/16	1/16	1		1	55	377
361/8	0.125	22	22	9/32	9/32	2/4	2	1	1/32	1/32	1		-2	58	369
181/4	0.125	22	22	5/16	5/16	2/4	2	1	1/32	1/32	1		1	55	370
363/8	0.125	22	22	11/32	11/32	2/4	2	1	1/32	1/32	1		-2	58	371
91/2	0.125	22	22	3/8	3/8	2/4	2	1	1/32	1/32	1		0	60	372
365/8	0.125	22	22	13/32	13/32	2/4	2	1	1/32	1/32	1		4	64	373
183/4	0.125	22	22	7/16	7/16	2/4	2	1	1/32	1/32	1		0	60	374
367/8	0.125	22	22	15/32	15/32	2/4	2	1	1/32	1/32	1		4	64	375
46	0.125	23	23	0	0	2/4	2	1	1/32	1/32	1		-2	58	378
46	0.25	23	23	0	0	2/4	2	2	1/16	1/16	1		-2	58	394
369/8	0.125	23	23	1/32	1/32	2/4	2	1	1/32	1/32	1		0	60	379
185/4	0.125	23	23	1/16	1/16	2/4	2	1	1/32	1/32	1		-2	58	380
371/8	0.125	23	23	3/32	3/32	2/4	2	1	1/32	1/32	1		0	60	381
93/2	0.125	23	23	1/8	1/8	2/4	2	1	1/32	1/32	1		-5	61	382
373/8	0.125	23	23	5/32	5/32	2/4	2	1	1/32	1/32	1		-1	65	383
187/4	0.125	23	23	3/16	3/16	2/4	2	1	1/32	1/32	1		-5	61	384
375/8	0.125	23	23	7/32	7/32	2/4	2	1	1/32	1/32	1		-1	65	385
47	0.125	23	23	1/4	1/4	2/4	2	1	1/32	1/32	1		3	57	386
47	0.25	23	23	1/4	1/4	2/4	2	2	1/16	1/16	1		3	57	395
377/8	0.125	23	23	9/32	9/32	2/4	2	1	1/32	1/32	1		0	60	387
189/4	0.125	23	23	5/16	5/16	2/4	2	1	1/32	1/32	1		3	57	388
379/8	0.125	23	23	11/32	11/32	2/4	2	1	1/32	1/32	1		0	60	389
95/2	0.125	23	23	3/8	3/8	2/4	2	1	1/32	1/32	1		-5	61	390
381/8	0.125	23	23	13/32	13/32	2/4	2	1	1/32	1/32	1		-1	65	391
191/4	0.125	23	23	7/16	7/16	2/4	2	1	1/32	1/32	1		-5	61	392
383/8	0.125	23	23	15/32	15/32	2/4	2	1	1/32	1/32	1		-1	65	393
48	0.125	24	24	0	0	2/4	2	1	1/32	1/32	1		-4	56	396
48	0.25	24	24	0	0	2/4	2	2	1/16	1/16	1		-4	56	412
385/8	0.125	24	24	1/32	1/32	2/4	2	1	1/32	1/32	1		0	60	397
193/4	0.125	24	24	1/16	1/16	2/4	2	1	1/32	1/32	1		-4	56	398
387/8	0.125	24	24	3/32	3/32	2/4	2	1	1/32	1/32	1		0	60	399
97/2	0.125	24	24	1/8	1/8	2/4	2	1	1/32	1/32	1		-5	61	400
389/8	0.125	24	24	5/32	5/32	2/4	2	1	1/32	1/32	1		-1	65	401
195/4	0.125	24	24	3/16	3/16	2/4	2	1	1/32	1/32	1		-5	61	402
391/8	0.125	24	24	7/32	7/32	2/4	2	1	1/32	1/32	1		-1	65	403
49	0.125	24	24	1/4	1/4	2/4	2	1	1/32	1/32	1		-6	54	404
49	0.25	24	24	1/4	1/4	2/4	2	2	1/16	1/16	1		-6	54	413
393/8	0.125	24	24	9/32	9/32	2/4	2	1	1/32	1/32	1		-2	58	405
197/4	0.125	24	24	5/16	5/16	2/4	2	1	1/32	1/32	1		-6	54	406
395/8	0.125	24	24	11/32	11/32	2/4	2	1	1/32	1/32	1		-2	58	407
99/2	0.125	24	24	3/8	3/8	2/4	2	1	1/32	1/32	1		0	60	408
397/8	0.125	24	24	13/32	13/32	2/4	2	1	1/32	1/32	1		4	64	409
199/4	0.125	24	24	7/16	7/16	2/4	2	1	1/32	1/32	1		0	60	410
399/8	0.125	24	24	15/32	15/32	2/4	2	1	1/32	1/32	1		4	64	411
50	0.125	25	25	0	0	2/4	2	1	1/32	1/32	1		-2	58	414
401/8	0.125	25	25	1/32	1/32	2/4	2	1	1/32	1/32	1		0	60	415
201/4	0.125	25	25	1/16	1/16	2/4	2	1	1/32	1/32	1		-2	58	416
403/8	0.125	25	25	3/32	3/32	2/4	2	1	1/32	1/32	1		0	60	417
101/2	0.125	25	25	1/8	1/8	2/4	2	1	1/32	1/32	1		4	52	418
405/8	0.125	25	25	5/32	5/32	2/4	2	1	1/32	1/32	1		6	54	419
203/4	0.125	25	25	3/16	3/16	2/4	2	1	1/32	1/32	1		4	52	420
407/8	0.125	25	25	7/32	7/32	2/4	2	1	1/32	1/32	1		6	54	421
51	0.125	25	25	1/4	1/4	2/4	2	1	1/32	1/32	1		-2	46	422
409/8	0.125	25	25	9/32	9/32	2/4	2	1	1/32	1/32	1		0	48	423
205/4	0.125	25	25	5/16	5/16	2/4	2	1	1/32	1/32	1		-2	46	424
411/8	0.125	25	25	11/32	11/32	2/4	2	1	1/32	1/32	1		0	48	425
103/2	0.125	25	25	3/8	3/8	2/4	2	1	1/32	1/32	1		4	52	426
413/8	0.125	25	25	13/32	13/32	2/4	2	1	1/32	1/32	1		6	54	427
207/4	0.125	25	25	7/16	7/16	2/4	2	1	1/32	1/32	1		4	52	428
415/8	0.125	25	25	15/32	15/32	2/4	2	1	1/32	1/32	1		6	54	429
52	0.125	26	26	0	0	2/4	2	1	1/32	1/32	1		-2	58	430
417/8	0.125	26	26	1/32	1/32	2/4	2	1	1/32	1/32	1		0	60	431
209/4	0.125	26	26	1/16	1/16	2/4	2	1	1/32	1/32	1		-2	58	432
419/8	0.125	26	26	3/32	3/32	2/4	2	1	1/32	1/32	1		3	57	433
105/2	0.125	26	26	1/8	1/8	2/4	2	1	1/32	1/32	1		1	55	434
421/8	0.125	26	26	5/32	5/32	2/4	2	1	1/32	1/32	1		-1	53	435
211/4	0.125	26	26	3/16	3/16	2/4	2	1	1/32	1/32	1		4	52	436
423/8	0.125	26	26	7/32	7/32	2/4	2	1	1/32	1/32	1		2	50	437
53	0.125	26	26	1/4	1/4	2/4	2	1	1/32	1/32	1		-2	46	438
425/8	0.125	26	26	9/32	9/32	2/4	2	1	1/32	1/32	1		0	48	439
213/4	0.125	26	26	5/16	5/16	2/4	2	1	1/32	1/32	1		2	50	440
427/8	0.125	26	26	11/32	11/32	2/4	2	1	1/32	1/32	1		4	52	441
107/2	0.125	26	26	3/8	3/8	2/4	2	1	1/32	1/32	1		-1	53	442
429/8	0.125	26	26	13/32	13/32	2/4	2	1	1/32	1/32	1		1	55	443
215/4	0.125	26	26	7/16	7/16	2/4	2	1	1/32	1/32	1		3	57	444
431/8	0.125	26	26	15/32	15/32	2/4	2	1	1/32	1/32	1		-2	58	445
54	0.125	27	27	0	0	2/4	2	1	1/32	1/32	1		-5	61	446
433/8	0.125	27	27	1/32	1/32	2/4	2	1	1/32	1/32	1		-3	63	447
217/4	0.125	27	27	1/16	1/16	2/4	2	1	1/32	1/32	1		-5	61	448
435/8	0.125	27	27	3/32	3/32	2/4	2	1	1/32	1/32	1		-3	63	449
109/2	0.125	27	27	1/8	1/8	2/4	2	1	1/32	1/32	1		3	57	450
437/8	0.125	27	27	5/32	5/32	2/4	2	1	1/32	1/32	1		-2	58	451
219/4	0.125	27	27	3/16	3/16	2/4	2	1	1/32	1/32	1		3	57	452
439/8	0.125	27	27	7/32	7/32	2/4	2	1	1/32	1/32	1		-2	58	453
55	0.125	27	27	1/4	1/4	2/4	2	1	1/32	1/32	1		-3	51	454
441/8	0.125	27	27	9/32	9/32	2/4	2	1	1/32	1/32	1		-1	53	455
221/4	0.125	27	27	5/16	5/16	2/4	2	1	1/32	1/32	1		-3	51	456
443/8	0.125	27	27	11/32	11/32	2/4	2	1	1/32	1/32	1		-1	53	457
111/2	0.125	27	27	3/8	3/8	2/4	2	1	1/32	1/32	1		3	57	458
445/8	0.125	27	27	13/32	13/32	2/4	2	1	1/32	1/32	1		-2	58	459
223/4	0.125	27	27	7/16	7/16	2/4	2	1	1/32	1/32	1		3	57	460
447/8	0.125	27	27	15/32	15/32	2/4	2	1	1/32	1/32	1		-2	58	461
56	0.125	28	28	0	0	2/4	2	1	1/32	1/32	1		-5	61	462
449/8	0.125	28	28	1/32	1/32	2/4	2	1	1/32	1/32	1		-3	63	463
225/4	0.125	28	28	1/16	1/16	2/4	2	1	1/32	1/32	1		-5	61	464
451/8	0.125	28	28	3/32	3/32	2/4	2	1	1/32	1/32	1		-7	59	465
113/2	0.125	28	28	1/8	1/8	2/4	2	1	1/32	1/32	1		-9	57	466
453/8	0.125	28	28	5/32	5/32	2/4	2	1	1/32	1/32	1		-4	56	467
227/4	0.125	28	28	3/16	3/16	2/4	2	1	1/32	1/32	1		-6	54	468
455/8	0.125	28	28	7/32	7/32	2/4	2	1	1/32	1/32	1		-8	52	469
57	0.125	28	28	1/4	1/4	2/4	2	1	1/32	1/32	1		-5	49	470
457/8	0.125	28	28	9/32	9/32	2/4	2	1	1/32	1/32	1		-3	51	471
229/4	0.125	28	28	5/16	5/16	2/4	2	1	1/32	1/32	1		-8	52	472
459/8	0.125	28	28	11/32	11/32	2/4	2	1	1/32	1/32	1		-6	54	473
115/2	0.125	28	28	3/8	3/8	2/4	2	1	1/32	1/32	1		-4	56	474
461/8	0.125	28	28	13/32	13/32	2/4	2	1	1/32	1/32	1		-9	57	475
231/4	0.125	28	28	7/16	7/16	2/4	2	1	1/32	1/32	1		-7	59	476
463/8	0.125	28	28	15/32	15/32	2/4	2	1	1/32	1/32	1		-5	61	477
58	0.125	29	29	0	0	2/4	2	1	1/32	1/32	1		4	64	478
465/8	0.125	29	29	1/32	1/32	2/4	2	1	1/32	1/32	1		6	66	479
233/4	0.125	29	29	1/16	1/16	2/4	2	1	1/32	1/32	1		4	64	480
467/8	0.125	29	29	3/32	3/32	2/4	2	1	1/32	1/32	1		-2	58	481
117/2	0.125	29	29	1/8	1/8	2/4	2	1	1/32	1/32	1		7	61	482
469/8	0.125	29	29	5/32	5/32	2/4	2	1	1/32	1/32	1		2	62	483
235/4	0.125	29	29	3/16	3/16	2/4	2	1	1/32	1/32	1		7	61	484
471/8	0.125	29	29	7/32	7/32	2/4	2	1	1/32	1/32	1		1	55	485
59	0.125	29	29	1/4	1/4	2/4	2	1	1/32	1/32	1		1	67	486
473/8	0.125	29	29	9/32	9/32	2/4	2	1	1/32	1/32	1		3	69	487
237/4	0.125	29	29	5/16	5/16	2/4	2	1	1/32	1/32	1		1	67	488
475/8	0.125	29	29	11/32	11/32	2/4	2	1	1/32	1/32	1		4	64	489
119/2	0.125	29	29	3/8	3/8	2/4	2	1	1/32	1/32	1		-6	66	490
477/8	0.125	29	29	13/32	13/32	2/4	2	1	1/32	1/32	1		-3	63	491
239/4	0.125	29	29	7/16	7/16	2/4	2	1	1/32	1/32	1		-1	65	492
479/8	0.125	29	29	15/32	15/32	2/4	2	1	1/32	1/32	1		2	62	493
60	0.125	30	30	0	0	2/4	2	1	1/32	1/32	1		4	64	494
481/8	0.125	30	30	1/32	1/32	2/4	2	1	1/32	1/32	1		6	66	495
241/4	0.125	30	30	1/16	1/16	2/4	2	1	1/32	1/32	1		4	64	496
483/8	0.125	30	30	3/32	3/32	2/4	2	1	1/32	1/32	1		-2	58	497
121/2	0.125	30	30	1/8	1/8	2/4	2	1	1/32	1/32	1		7	61	498
485/8	0.125	30	30	5/32	5/32	2/4	2	1	1/32	1/32	1		2	62	499
243/4	0.125	30	30	3/16	3/16	2/4	2	1	1/32	1/32	1		7	61	500
487/8	0.125	30	30	7/32	7/32	2/4	2	1	1/32	1/32	1		1	55	501
61	0.125	30	30	1/4	1/4	2/4	2	1	1/32	1/32	1		1	67	502
489/8	0.125	30	30	9/32	9/32	2/4	2	1	1/32	1/32	1		3	69	503
245/4	0.125	30	30	5/16	5/16	2/4	2	1	1/32	1/32	1		1	67	504
491/8	0.125	30	30	11/32	11/32	2/4	2	1	1/32	1/32	1		7	61	505
123/2	0.125	30	30	3/8	3/8	2/4	2	1	1/32	1/32	1		4	64	506
493/8	0.125	30	30	13/32	13/32	2/4	2	1	1/32	1/32	1		6	66	507
247/4	0.125	30	30	7/16	7/16	2/4	2	1	1/32	1/32	1		4	64	508
495/8	0.125	30	30	15/32	15/32	2/4	2	1	1/32	1/32	1		-2	58	509
62	0.125	31	31	0	0	2/4	2	1	1/32	1/32	1		-5	73	510
497/8	0.125	31	31	1/32	1/32	2/4	2	1	1/32	1/32	1		-2	70	511
249/4	0.125	31	31	1/16	1/16	2/4	2	1	1/32	1/32	1		0	72	512
499/8	0.125	31	31	3/32	3/32	2/4	2	1	1/32	1/32	1		3	69	513
125/2	0.125	31	31	1/8	1/8	2/4	2	1	1/32	1/32	1		-4	68	514
501/8	0.125	31	31	5/32	5/32	2/4	2	1	1/32	1/32	1		4	64	515
251/4	0.125	31	31	3/16	3/16	2/4	2	1	1/32	1/32	1		-1	65	516
503/8	0.125	31	31	7/32	7/32	2/4	2	1	1/32	1/32	1		3	69	517
63	0.125	31	31	1/4	1/4	2/4	2	1	1/32	1/32	1		-2	70	518
505/8	0.125	31	31	9/32	9/32	2/4	2	1	1/32	1/32	1		-6	66	519
253/4	0.125	31	31	5/16	5/16	2/4	2	1	1/32	1/32	1		1	67	520
507/8	0.125	31	31	11/32	11/32	2/4	2	1	1/32	1/32	1		5	71	521
127/2	0.125	31	31	3/8	3/8	2/4	2	1	1/32	1/32	1		0	72	522
509/8	0.125	31	31	13/32	13/32	2/4	2	1	1/32	1/32	1		-4	68	523
255/4	0.125	31	31	7/16	7/16	2/4	2	1	1/32	1/32	1		3	69	524
511/8	0.125	31	31	15/32	15/32	2/4	2	1	1/32	1/32	1		7	73	525
64	0.125	32	32	0	0	2/4	2	1	1/32	1/32	1		4	76	526
513/8	0.125	32	32	1/32	1/32	2/4	2	1	1/32	1/32	1		0	72	527
257/4	0.125	32	32	1/16	1/16	2/4	2	1	1/32	1/32	1		-3	75	528
515/8	0.125	32	32	3/32	3/32	2/4	2	1	1/32	1/32	1		-7	71	529
129/2	0.125	32	32	1/8	1/8	2/4	2	1	1/32	1/32	1		-2	70	530
517/8	0.125	32	32	5/32	5/32	2/4	2	1	1/32	1/32	1		-6	66	531
259/4	0.125	32	32	3/16	3/16	2/4	2	1	1/32	1/32	1		1	67	532
519/8	0.125	32	32	7/32	7/32	2/4	2	1	1/32	1/32	1		5	71	533
65	0.125	32	32	1/4	1/4	2/4	2	1	1/32	1/32	1		0	72	534
521/8	0.125	32	32	9/32	9/32	2/4	2	1	1/32	1/32	1		-4	68	535
261/4	0.125	32	32	5/16	5/16	2/4	2	1	1/32	1/32	1		3	69	536
523/8	0.125	32	32	11/32	11/32	2/4	2	1	1/32	1/32	1		7	73	537
131/2	0.125	32	32	3/8	3/8	2/4	2	1	1/32	1/32	1		2	74	538
525/8	0.125	32	32	13/32	13/32	2/4	2	1	1/32	1/32	1		-2	70	539
263/4	0.125	32	32	7/16	7/16	2/4	2	1	1/32	1/32	1		-7	71	540
527/8	0.125	32	32	15/32	15/32	2/4	2	1	1/32	1/32	1		-3	75	541
66	0.0625	33	33	0	0	2/4	2	1	1/64	1/64	1		-2	82	542
1057/16	0.0625	33	33	1/64	1/64	2/4	2	1	1/64	1/64	1		-4	80	543
529/8	0.0625	33	33	1/32	1/32	2/4	2	1	1/64	1/64	1		-6	78	544
1059/16	0.0625	33	33	3/64	3/64	2/4	2	1	1/64	1/64	1		-3	75	545
265/4	0.0625	33	33	1/16	1/16	2/4	2	1	1/64	1/64	1		-5	73	546
1061/16	0.0625	33	33	5/64	5/64	2/4	2	1	1/64	1/64	1		-2	70	547
531/8	0.0625	33	33	3/32	3/32	2/4	2	1	1/64	1/64	1		-4	68	548
1063/16	0.0625	33	33	7/64	7/64	2/4	2	1	1/64	1/64	1		-6	66	549
133/2	0.0625	33	33	1/8	1/8	2/4	2	1	1/64	1/64	1		-3	63	550
1065/16	0.0625	33	33	9/64	9/64	2/4	2	1	1/64	1/64	1		-5	61	551
533/8	0.09375	33	33	5/32	5/32	2/4	2	1	3/128	1/32	3/4		2	62	552
2135/32	0.09375	33	33	23/128	23/128	2/4	2	1	3/128	1/32	3/4		4	64	553
1069/16	0.09375	33	33	13/64	13/64	2/4	2	1	3/128	1/32	3/4		2	62	554
2141/32	0.09375	33	33	29/128	29/128	2/4	2	1	3/128	1/32	3/4		-7	59	555
67	0.0625	33	33	1/4	1/4	2/4	2	1	1/64	1/64	1		-2	82	556
1073/16	0.0625	33	33	17/64	17/64	2/4	2	1	1/64	1/64	1		-4	80	557
537/8	0.0625	33	33	9/32	9/32	2/4	2	1	1/64	1/64	1		-6	78	558
1075/16	0.0625	33	33	19/64	19/64	2/4	2	1	1/64	1/64	1		-3	75	559
269/4	0.0625	33	33	5/16	5/16	2/4	2	1	1/64	1/64	1		-5	73	560
1077/16	0.0625	33	33	21/64	21/64	2/4	2	1	1/64	1/64	1		-2	70	561
539/8	0.0625	33	33	11/32	11/32	2/4	2	1	1/64	1/64	1		-4	68	562
1079/16	0.0625	33	33	23/64	23/64	2/4	2	1	1/64	1/64	1		-6	66	563
135/2	0.0625	33	33	3/8	3/8	2/4	2	1	1/64	1/64	1		4	64	564
1081/16	0.0625	33	33	25/64	25/64	2/4	2	1	1/64	1/64	1		2	62	565
541/8	0.09375	33	33	13/32	13/32	2/4	2	1	3/128	1/32	3/4		2	62	566
2167/32	0.09375	33	33	55/128	55/128	2/4	2	1	3/128	1/32	3/4		4	64	567
1085/16	0.09375	33	33	29/64	29/64	2/4	2	1	3/128	1/32	3/4		2	62	568
2173/32	0.09375	33	33	61/128	61/128	2/4	2	1	3/128	1/32	3/4		-7	59	569
68	0.044444444444444446	34	34	0	0	2/4	1	1	1/90	1/64	32/45		-2	82	570
3062/45	0.044444444444444446	34	34	1/90	1/90	2/4	1	1	1/90	1/64	32/45		-4	80	571
3064/45	0.044444444444444446	34	34	1/45	1/45	2/4	1	1	1/90	1/64	32/45		-6	78	572
1022/15	0.044444444444444446	34	34	1/30	1/30	2/4	1	1	1/90	1/64	32/45		-3	75	573
3068/45	0.044444444444444446	34	34	2/45	2/45	2/4	1	1	1/90	1/64	32/45		-5	73	574
614/9	0.044444444444444446	34	34	1/18	1/18	2/4	1	1	1/90	1/64	32/45		-2	70	575
1024/15	0.044444444444444446	34	34	1/15	1/15	2/4	1	1	1/90	1/64	32/45		-4	68	576
3074/45	0.044444444444444446	34	34	7/90	7/90	2/4	1	1	1/90	1/64	32/45		-6	66	577
3076/45	0.044444444444444446	34	34	4/45	4/45	2/4	1	1	1/90	1/64	32/45		-3	63	578
342/5	0.044444444444444446	34	34	1/10	1/10	2/4	1	1	1/90	1/64	32/45		-5	61	579
616/9	0.044444444444444446	34	34	1/9	1/9	2/4	1	1	1/90	1/64	32/45		4	76	580
3082/45	0.044444444444444446	34	34	11/90	11/90	2/4	1	1	1/90	1/64	32/45		2	74	581
1028/15	0.044444444444444446	34	34	2/15	2/15	2/4	1	1	1/90	1/64	32/45		0	72	582
3086/45	0.044444444444444446	34	34	13/90	13/90	2/4	1	1	1/90	1/64	32/45		5	71	583
3088/45	0.044444444444444446	34	34	7/45	7/45	2/4	1	1	1/90	1/64	32/45		3	69	584
206/3	0.044444444444444446	34	34	1/6	1/6	2/4	1	1	1/90	1/64	32/45		1	67	585
3092/45	0.044444444444444446	34	34	8/45	8/45	2/4	1	1	1/90	1/64	32/45		-1	65	586
3094/45	0.044444444444444446	34	34	17/90	17/90	2/4	1	1	1/90	1/64	32/45		4	64	587
344/5	0.044444444444444446	34	34	1/5	1/5	2/4	1	1	1/90	1/64	32/45		2	62	588
3098/45	0.044444444444444446	34	34	19/90	19/90	2/4	1	1	1/90	1/64	32/45		-2	82	589
620/9	0.044444444444444446	34	34	2/9	2/9	2/4	1	1	1/90	1/64	32/45		-4	80	590
1034/15	0.044444444444444446	34	34	7/30	7/30	2/4	1	1	1/90	1/64	32/45		-6	78	591
3104/45	0.044444444444444446	34	34	11/45	11/45	2/4	1	1	1/90	1/64	32/45		-3	75	592
3106/45	0.044444444444444446	34	34	23/90	23/90	2/4	1	1	1/90	1/64	32/45		-5	73	593
1036/15	0.044444444444444446	34	34	4/15	4/15	2/4	1	1	1/90	1/64	32/45		-2	70	594
622/9	0.044444444444444446	34	34	5/18	5/18	2/4	1	1	1/90	1/64	32/45		-4	68	595
3112/45	0.044444444444444446	34	34	13/45	13/45	2/4	1	1	1/90	1/64	32/45		-6	66	596
346/5	0.044444444444444446	34	34	3/10	3/10	2/4	1	1	1/90	1/64	32/45		-3	63	597
3116/45	0.044444444444444446	34	34	14/45	14/45	2/4	1	1	1/90	1/64	32/45		-5	61	598
3118/45	0.044444444444444446	34	34	29/90	29/90	2/4	1	1	1/90	1/64	32/45		4	64	599
208/3	0.044444444444444446	34	34	1/3	1/3	2/4	1	1	1/90	1/64	32/45		2	62	600
3122/45	0.044444444444444446	34	34	31/90	31/90	2/4	1	1	1/90	1/64	32/45		0	60	601
3124/45	0.044444444444444446	34	34	16/45	16/45	2/4	1	1	1/90	1/64	32/45		5	59	602
1042/15	0.044444444444444446	34	34	11/30	11/30	2/4	1	1	1/90	1/64	32/45		3	57	603
3128/45	0.044444444444444446	34	34	17/45	17/45	2/4	1	1	1/90	1/64	32/45		1	55	604
626/9	0.044444444444444446	34	34	7/18	7/18	2/4	1	1	1/90	1/64	32/45		-1	53	605
348/5	0.044444444444444446	34	34	2/5	2/5	2/4	1	1	1/90	1/64	32/45		4	52	606
3134/45	0.044444444444444446	34	34	37/90	37/90	2/4	1	1	1/90	1/64	32/45		2	50	607
3136/45	0.044444444444444446	34	34	19/45	19/45	2/4	1	1	1/90	1/64	32/45		0	48	608
1046/15	0.044444444444444446	34	34	13/30	13/30	2/4	1	1	1/90	1/64	32/45		5	47	609
628/9	0.044444444444444446	34	34	4/9	4/9	2/4	1	1	1/90	1/64	32/45		3	45	610
3142/45	0.044444444444444446	34	34	41/90	41/90	2/4	1	1	1/90	1/64	32/45		1	43	611
1048/15	0.044444444444444446	34	34	7/15	7/15	2/4	1	1	1/90	1/64	32/45		-1	41	612
3146/45	0.044444444444444446	34	34	43/90	43/90	2/4	1	1	1/90	1/64	32/45		4	40	613
3148/45	0.044444444444444446	34	34	22/45	22/45	2/4	1	1	1/90	1/64	32/45		2	38	614
70	0.5	35	35	0	0	2/4	2	1	1/8	1/8	1		-5	37	615
141/2	0.5	35	35	1/8	1/8	2/4	2	1	1/8	1/8	1		-5	49	616
71	0.5	35	35	1/4	1/4	2/4	2	1	1/8	1/8	1		-5	61	617
143/2	0.5	35	35	3/8	3/8	2/4	2	1	1/8	1/8	1		-5	49	618
72	0.08333333333333333	36	36	0	0	2/4	2	1	1/48	1/32	2/3		-5	37	619
72	0.25	36	36	0	0	2/4	2	2	1/16	1/16	1		-5	37	643
865/12	0.08333333333333333	36	36	1/48	1/48	2/4	2	1	1/48	1/32	2/3		-3	39	620
433/6	0.08333333333333333	36	36	1/24	1/24	2/4	2	1	1/48	1/32	2/3		-5	37	621
289/4	0.08333333333333333	36	36	1/16	1/16	2/4	2	1	1/48	1/32	2/3		-5	49	622
217/3	0.08333333333333333	36	36	1/12	1/12	2/4	2	1	1/48	1/32	2/3		-3	51	623
869/12	0.08333333333333333	36	36	5/48	5/48	2/4	2	1	1/48	1/32	2/3		-5	49	624
145/2	0.08333333333333333	36	36	1/8	1/8	2/4	2	1	1/48	1/32	2/3		0	36	625
145/2	0.25	36	36	1/8	1/8	2/4	2	2	1/16	1/16	1		0	36	644
871/12	0.08333333333333333	36	36	7/48	7/48	2/4	2	1	1/48	1/32	2/3		2	38	626
218/3	0.08333333333333333	36	36	1/6	1/6	2/4	2	1	1/48	1/32	2/3		0	36	627
291/4	0.08333333333333333	36	36	3/16	3/16	2/4	2	1	1/48	1/32	2/3		-5	49	628
437/6	0.08333333333333333	36	36	5/24	5/24	2/4	2	1	1/48	1/32	2/3		-3	51	629
875/12	0.08333333333333333	36	36	11/48	11/48	2/4	2	1	1/48	1/32	2/3		-5	49	630
73	0.08333333333333333	36	36	1/4	1/4	2/4	2	1	1/48	1/32	2/3		3	33	631
73	0.25	36	36	1/4	1/4	2/4	2	2	1/16	1/16	1		3	33	645
877/12	0.08333333333333333	36	36	13/48	13/48	2/4	2	1	1/48	1/32	2/3		5	35	632
439/6	0.08333333333333333	36	36	7/24	7/24	2/4	2	1	1/48	1/32	2/3		3	33	633
293/4	0.08333333333333333	36	36	5/16	5/16	2/4	2	1	1/48	1/32	2/3		-5	49	634
220/3	0.08333333333333333	36	36	1/3	1/3	2/4	2	1	1/48	1/32	2/3		-3	51	635
881/12	0.08333333333333333	36	36	17/48	17/48	2/4	2	1	1/48	1/32	2/3		-5	49	636
147/2	0.08333333333333333	36	36	3/8	3/8	2/4	2	1	1/48	1/32	2/3		0	36	637
147/2	0.25	36	36	3/8	3/8	2/4	2	2	1/16	1/16	1		0	36	646
883/12	0.08333333333333333	36	36	19/48	19/48	2/4	2	1	1/48	1/32	2/3		2	38	638
221/3	0.08333333333333333	36	36	5/12	5/12	2/4	2	1	1/48	1/32	2/3		0	36	639
295/4	0.08333333333333333	36	36	7/16	7/16	2/4	2	1	1/48	1/32	2/3		-5	49	640
443/6	0.08333333333333333	36	36	11/24	11/24	2/4	2	1	1/48	1/32	2/3		-3	51	641
887/12	0.08333333333333333	36	36	23/48	23/48	2/4	2	1	1/48	1/32	2/3		-5	49	642
74	0.5	37	37	0	0	2/4	2	1	1/8	1/8	1		-5	37	647
149/2	0.5	37	37	1/8	1/8	2/4	2	1	1/8	1/8	1		-5	49	648
75	0.5	37	37	1/4	1/4	2/4	2	1	1/8	1/8	1		-5	61	649
151/2	0.5	37	37	3/8	3/8	2/4	2	1	1/8	1/8	1		-5	49	650
76	0.08333333333333333	38	38	0	0	2/4	2	1	1/48	1/32	2/3		-5	49	651
913/12	0.08333333333333333	38	38	1/48	1/48	2/4	2	1	1/48	1/32	2/3		-3	51	652
457/6	0.08333333333333333	38	38	1/24	1/24	2/4	2	1	1/48	1/32	2/3		-5	49	653
305/4	0.08333333333333333	38	38	1/16	1/16	2/4	2	1	1/48	1/32	2/3		2	50	654
229/3	0.08333333333333333	38	38	1/12	1/12	2/4	2	1	1/48	1/32	2/3		4	52	655
917/12	0.08333333333333333	38	38	5/48	5/48	2/4	2	1	1/48	1/32	2/3		2	50	656
153/2	0.08333333333333333	38	38	1/8	1/8	2/4	2	1	1/48	1/32	2/3		-3	51	657
919/12	0.08333333333333333	38	38	7/48	7/48	2/4	2	1	1/48	1/32	2/3		-6	54	658
230/3	0.08333333333333333	38	38	1/6	1/6	2/4	2	1	1/48	1/32	2/3		-3	51	659
307/4	0.08333333333333333	38	38	3/16	3/16	2/4	2	1	1/48	1/32	2/3		2	50	660
461/6	0.08333333333333333	38	38	5/24	5/24	2/4	2	1	1/48	1/32	2/3		4	52	661
923/12	0.08333333333333333	38	38	11/48	11/48	2/4	2	1	1/48	1/32	2/3		2	50	662
77	0.08333333333333333	38	38	1/4	1/4	2/4	2	1	1/48	1/32	2/3		-5	49	663
925/12	0.08333333333333333	38	38	13/48	13/48	2/4	2	1	1/48	1/32	2/3		-3	51	664
463/6	0.08333333333333333	38	38	7/24	7/24	2/4	2	1	1/48	1/32	2/3		-5	49	665
309/4	0.08333333333333333	38	38	5/16	5/16	2/4	2	1	1/48	1/32	2/3		2	50	666
232/3	0.08333333333333333	38	38	1/3	1/3	2/4	2	1	1/48	1/32	2/3		4	52	667
929/12	0.08333333333333333	38	38	17/48	17/48	2/4	2	1	1/48	1/32	2/3		2	50	668
155/2	0.08333333333333333	38	38	3/8	3/8	2/4	2	1	1/48	1/32	2/3		3	45	669
931/12	0.08333333333333333	38	38	19/48	19/48	2/4	2	1	1/48	1/32	2/3		5	47	670
233/3	0.08333333333333333	38	38	5/12	5/12	2/4	2	1	1/48	1/32	2/3		3	45	671
311/4	0.08333333333333333	38	38	7/16	7/16	2/4	2	1	1/48	1/32	2/3		-7	47	672
467/6	0.08333333333333333	38	38	11/24	11/24	2/4	2	1	1/48	1/32	2/3		2	50	673
935/12	0.08333333333333333	38	38	23/48	23/48	2/4	2	1	1/48	1/32	2/3		-7	47	674
78	0.08333333333333333	39	39	0	0	2/4	2	1	1/48	1/32	2/3		-5	49	675
937/12	0.08333333333333333	39	39	1/48	1/48	2/4	2	1	1/48	1/32	2/3		-3	51	676
469/6	0.08333333333333333	39	39	1/24	1/24	2/4	2	1	1/48	1/32	2/3		-5	49	677
313/4	0.08333333333333333	39	39	1/16	1/16	2/4	2	1	1/48	1/32	2/3		2	50	678
235/3	0.08333333333333333	39	39	1/12	1/12	2/4	2	1	1/48	1/32	2/3		4	52	679
941/12	0.08333333333333333	39	39	5/48	5/48	2/4	2	1	1/48	1/32	2/3		2	50	680
157/2	0.08333333333333333	39	39	1/8	1/8	2/4	2	1	1/48	1/32	2/3		-3	51	681
943/12	0.08333333333333333	39	39	7/48	7/48	2/4	2	1	1/48	1/32	2/3		-6	54	682
236/3	0.08333333333333333	39	39	1/6	1/6	2/4	2	1	1/48	1/32	2/3		-3	51	683
315/4	0.08333333333333333	39	39	3/16	3/16	2/4	2	1	1/48	1/32	2/3		2	50	684
473/6	0.08333333333333333	39	39	5/24	5/24	2/4	2	1	1/48	1/32	2/3		4	52	685
947/12	0.08333333333333333	39	39	11/48	11/48	2/4	2	1	1/48	1/32	2/3		2	50	686
79	0.08333333333333333	39	39	1/4	1/4	2/4	2	1	1/48	1/32	2/3		-5	49	687
949/12	0.08333333333333333	39	39	13/48	13/48	2/4	2	1	1/48	1/32	2/3		-3	51	688
475/6	0.08333333333333333	39	39	7/24	7/24	2/4	2	1	1/48	1/32	2/3		-5	49	689
317/4	0.08333333333333333	39	39	5/16	5/16	2/4	2	1	1/48	1/32	2/3		0	48	690
238/3	0.08333333333333333	39	39	1/3	1/3	2/4	2	1	1/48	1/32	2/3		2	50	691
953/12	0.08333333333333333	39	39	17/48	17/48	2/4	2	1	1/48	1/32	2/3		0	48	692
159/2	0.08333333333333333	39	39	3/8	3/8	2/4	2	1	1/48	1/32	2/3		3	45	693
955/12	0.08333333333333333	39	39	19/48	19/48	2/4	2	1	1/48	1/32	2/3		5	47	694
239/3	0.08333333333333333	39	39	5/12	5/12	2/4	2	1	1/48	1/32	2/3		3	45	695
319/4	0.08333333333333333	39	39	7/16	7/16	2/4	2	1	1/48	1/32	2/3		0	48	696
479/6	0.08333333333333333	39	39	11/24	11/24	2/4	2	1	1/48	1/32	2/3		2	50	697
959/12	0.08333333333333333	39	39	23/48	23/48	2/4	2	1	1/48	1/32	2/3		0	48	698
80	0.08333333333333333	40	40	0	0	2/4	2	1	1/48	1/32	2/3		-5	49	711
80	0.08333333333333333	40	40	0	0	2/4	1	1	1/48	1/32	2/3		1	55	699
961/12	0.08333333333333333	40	40	1/48	1/48	2/4	2	1	1/48	1/32	2/3		-3	51	712
961/12	0.08333333333333333	40	40	1/48	1/48	2/4	1	1	1/48	1/32	2/3		-1	53	700
481/6	0.08333333333333333	40	40	1/24	1/24	2/4	1	1	1/48	1/32	2/3		4	52	701
481/6	0.08333333333333333	40	40	1/24	1/24	2/4	2	1	1/48	1/32	2/3		-6	54	713
321/4	0.08333333333333333	40	40	1/16	1/16	2/4	1	1	1/48	1/32	2/3		2	50	702
321/4	0.08333333333333333	40	40	1/16	1/16	2/4	2	1	1/48	1/32	2/3		-4	56	714
241/3	0.08333333333333333	40	40	1/12	1/12	2/4	1	1	1/48	1/32	2/3		4	52	703
241/3	0.08333333333333333	40	40	1/12	1/12	2/4	2	1	1/48	1/32	2/3		-6	54	715
965/12	0.08333333333333333	40	40	5/48	5/48	2/4	2	1	1/48	1/32	2/3		-3	51	716
965/12	0.08333333333333333	40	40	5/48	5/48	2/4	1	1	1/48	1/32	2/3		-1	53	704
161/2	0.08333333333333333	40	40	1/8	1/8	2/4	2	1	1/48	1/32	2/3		-5	49	717
161/2	0.08333333333333333	40	40	1/8	1/8	2/4	1	1	1/48	1/32	2/3		1	55	705
967/12	0.08333333333333333	40	40	7/48	7/48	2/4	2	1	1/48	1/32	2/3		-3	51	718
967/12	0.08333333333333333	40	40	7/48	7/48	2/4	1	1	1/48	1/32	2/3		-1	53	706
242/3	0.08333333333333333	40	40	1/6	1/6	2/4	1	1	1/48	1/32	2/3		4	52	707
242/3	0.08333333333333333	40	40	1/6	1/6	2/4	2	1	1/48	1/32	2/3		-6	54	719
323/4	0.08333333333333333	40	40	3/16	3/16	2/4	1	1	1/48	1/32	2/3		2	50	708
323/4	0.08333333333333333	40	40	3/16	3/16	2/4	2	1	1/48	1/32	2/3		-4	56	720
485/6	0.08333333333333333	40	40	5/24	5/24	2/4	1	1	1/48	1/32	2/3		4	52	709
485/6	0.08333333333333333	40	40	5/24	5/24	2/4	2	1	1/48	1/32	2/3		-6	54	721
971/12	0.08333333333333333	40	40	11/48	11/48	2/4	2	1	1/48	1/32	2/3		-3	51	722
971/12	0.08333333333333333	40	40	11/48	11/48	2/4	1	1	1/48	1/32	2/3		-1	53	710
81	0.08333333333333333	41	40	0	1/4	2/4	2	1	1/48	1/32	2/3		-5	49	731
81	0.08333333333333333	41	40	0	1/4	2/4	1	1	1/48	1/32	2/3		1	55	723
973/12	0.08333333333333333	41	40	1/48	13/48	2/4	2	1	1/48	1/32	2/3		-3	51	732
973/12	0.08333333333333333	41	40	1/48	13/48	2/4	1	1	1/48	1/32	2/3		-1	53	724
487/6	0.08333333333333333	41	40	1/24	7/24	2/4	1	1	1/48	1/32	2/3		4	52	725
487/6	0.08333333333333333	41	40	1/24	7/24	2/4	2	1	1/48	1/32	2/3		-6	54	733
325/4	0.08333333333333333	41	40	1/16	5/16	2/4	1	1	1/48	1/32	2/3		2	50	726
325/4	0.08333333333333333	41	40	1/16	5/16	2/4	2	1	1/48	1/32	2/3		-4	56	734
244/3	0.08333333333333333	41	40	1/12	1/3	2/4	1	1	1/48	1/32	2/3		4	52	727
244/3	0.08333333333333333	41	40	1/12	1/3	2/4	2	1	1/48	1/32	2/3		-6	54	735
977/12	0.08333333333333333	41	40	5/48	17/48	2/4	2	1	1/48	1/32	2/3		-3	51	736
977/12	0.08333333333333333	41	40	5/48	17/48	2/4	1	1	1/48	1/32	2/3		-1	53	728
163/2	0.25	41	40	1/8	3/8	2/4	2	1	1/16	1/16	1		-5	49	737
163/2	0.25	41	40	1/8	3/8	2/4	1	1	1/16	1/16	1		-6	54	729
327/4	0.25	41	40	3/16	7/16	2/4	1	1	1/16	1/16	1		-5	37	730
82	0.08333333333333333	42	41	0	0	2/4	2	1	1/48	1/32	2/3		-5	49	757
82	0.08333333333333333	42	41	0	0	2/4	1	1	1/48	1/32	2/3		1	55	738
985/12	0.08333333333333333	42	41	1/48	1/48	2/4	2	1	1/48	1/32	2/3		-3	51	758
985/12	0.08333333333333333	42	41	1/48	1/48	2/4	1	1	1/48	1/32	2/3		-1	53	739
493/6	0.08333333333333333	42	41	1/24	1/24	2/4	1	1	1/48	1/32	2/3		4	52	740
493/6	0.08333333333333333	42	41	1/24	1/24	2/4	2	1	1/48	1/32	2/3		-6	54	759
329/4	0.08333333333333333	42	41	1/16	1/16	2/4	1	1	1/48	1/32	2/3		2	50	741
329/4	0.08333333333333333	42	41	1/16	1/16	2/4	2	1	1/48	1/32	2/3		-4	56	760
247/3	0.08333333333333333	42	41	1/12	1/12	2/4	1	1	1/48	1/32	2/3		4	52	742
247/3	0.08333333333333333	42	41	1/12	1/12	2/4	2	1	1/48	1/32	2/3		-6	54	761
989/12	0.08333333333333333	42	41	5/48	5/48	2/4	2	1	1/48	1/32	2/3		-3	51	762
989/12	0.08333333333333333	42	41	5/48	5/48	2/4	1	1	1/48	1/32	2/3		-1	53	743
165/2	0.08333333333333333	42	41	1/8	1/8	2/4	2	1	1/48	1/32	2/3		-5	49	763
165/2	0.08333333333333333	42	41	1/8	1/8	2/4	1	1	1/48	1/32	2/3		1	55	744
991/12	0.08333333333333333	42	41	7/48	7/48	2/4	2	1	1/48	1/32	2/3		-3	51	764
991/12	0.08333333333333333	42	41	7/48	7/48	2/4	1	1	1/48	1/32	2/3		-1	53	745
248/3	0.08333333333333333	42	41	1/6	1/6	2/4	1	1	1/48	1/32	2/3		4	52	746
248/3	0.08333333333333333	42	41	1/6	1/6	2/4	2	1	1/48	1/32	2/3		-6	54	765
331/4	0.08333333333333333	42	41	3/16	3/16	2/4	1	1	1/48	1/32	2/3		2	50	747
331/4	0.08333333333333333	42	41	3/16	3/16	2/4	2	1	1/48	1/32	2/3		-4	56	766
497/6	0.08333333333333333	42	41	5/24	5/24	2/4	1	1	1/48	1/32	2/3		4	52	748
497/6	0.08333333333333333	42	41	5/24	5/24	2/4	2	1	1/48	1/32	2/3		-6	54	767
995/12	0.08333333333333333	42	41	11/48	11/48	2/4	2	1	1/48	1/32	2/3		-3	51	768
995/12	0.08333333333333333	42	41	11/48	11/48	2/4	1	1	1/48	1/32	2/3		-1	53	749
83	0.08333333333333333	42	41	1/4	1/4	2/4	2	1	1/48	1/32	2/3		-5	49	769
83	0.08333333333333333	42	41	1/4	1/4	2/4	1	1	1/48	1/32	2/3		1	55	750
997/12	0.08333333333333333	42	41	13/48	13/48	2/4	2	1	1/48	1/32	2/3		-3	51	770
997/12	0.08333333333333333	42	41	13/48	13/48	2/4	1	1	1/48	1/32	2/3		-1	53	751
499/6	0.08333333333333333	42	41	7/24	7/24	2/4	1	1	1/48	1/32	2/3		4	52	752
499/6	0.08333333333333333	42	41	7/24	7/24	2/4	2	1	1/48	1/32	2/3		-6	54	771
333/4	0.08333333333333333	42	41	5/16	5/16	2/4	1	1	1/48	1/32	2/3		2	50	753
333/4	0.08333333333333333	42	41	5/16	5/16	2/4	2	1	1/48	1/32	2/3		-4	56	772
250/3	0.08333333333333333	42	41	1/3	1/3	2/4	1	1	1/48	1/32	2/3		4	52	754
250/3	0.08333333333333333	42	41	1/3	1/3	2/4	2	1	1/48	1/32	2/3		-6	54	773
1001/12	0.08333333333333333	42	41	17/48	17/48	2/4	2	1	1/48	1/32	2/3		-3	51	774
1001/12	0.08333333333333333	42	41	17/48	17/48	2/4	1	1	1/48	1/32	2/3		-1	53	755
167/2	0.08333333333333333	42	41	3/8	3/8	2/4	2	1	1/48	1/32	2/3		-5	49	775
167/2	0.25	42	41	3/8	3/8	2/4	1	1	1/16	1/16	1		1	55	756
1003/12	0.08333333333333333	42	41	19/48	19/48	2/4	2	1	1/48	1/32	2/3		-3	51	776
251/3	0.08333333333333333	42	41	5/12	5/12	2/4	2	1	1/48	1/32	2/3		4	52	777
335/4	0.08333333333333333	42	41	7/16	7/16	2/4	2	1	1/48	1/32	2/3		-1	53	778
503/6	0.08333333333333333	42	41	11/24	11/24	2/4	2	1	1/48	1/32	2/3		-6	54	779
1007/12	0.08333333333333333	42	41	23/48	23/48	2/4	2	1	1/48	1/32	2/3		-4	56	780
84	0.125	43	42	0	0	3/4	2	1	1/32	1/32	1		-7	59	781
673/8	0.125	43	42	1/32	1/32	3/4	2	1	1/32	1/32	1		-5	61	782
337/4	0.125	43	42	1/16	1/16	3/4	2	1	1/32	1/32	1		-3	63	783
675/8	0.125	43	42	3/32	3/32	3/4	2	1	1/32	1/32	1		-1	65	784
169/2	0.125	43	42	1/8	1/8	3/4	2	1	1/32	1/32	1		-6	66	785
677/8	0.125	43	42	5/32	5/32	3/4	2	1	1/32	1/32	1		-1	65	786
339/4	0.125	43	42	3/16	3/16	3/4	2	1	1/32	1/32	1		-3	63	787
679/8	0.125	43	42	7/32	7/32	3/4	2	1	1/32	1/32	1		-5	61	788
85	0.125	43	42	1/4	1/4	3/4	2	1	1/32	1/32	1		-3	63	789
681/8	0.125	43	42	9/32	9/32	3/4	2	1	1/32	1/32	1		-1	65	790
341/4	0.125	43	42	5/16	5/16	3/4	2	1	1/32	1/32	1		-6	66	791
683/8	0.125	43	42	11/32	11/32	3/4	2	1	1/32	1/32	1		-4	68	792
171/2	0.125	43	42	3/8	3/8	3/4	2	1	1/32	1/32	1		-2	70	793
685/8	0.125	43	42	13/32	13/32	3/4	2	1	1/32	1/32	1		-4	68	794
343/4	0.125	43	42	7/16	7/16	3/4	2	1	1/32	1/32	1		-6	66	795
687/8	0.125	43	42	15/32	15/32	3/4	2	1	1/32	1/32	1		-1	65	796
86	0.125	43	42	1/2	1/2	3/4	2	1	1/32	1/32	1		-3	63	797
689/8	0.125	43	42	17/32	17/32	3/4	2	1	1/32	1/32	1		-1	65	798
345/4	0.125	43	42	9/16	9/16	3/4	2	1	1/32	1/32	1		-6	66	799
691/8	0.125	43	42	19/32	19/32	3/4	2	1	1/32	1/32	1		-4	68	800
173/2	0.125	43	42	5/8	5/8	3/4	2	1	1/32	1/32	1		-6	66	801
693/8	0.125	43	42	21/32	21/32	3/4	2	1	1/32	1/32	1		-1	65	802
347/4	0.125	43	42	11/16	11/16	3/4	2	1	1/32	1/32	1		-3	63	803
695/8	0.125	43	42	23/32	23/32	3/4	2	1	1/32	1/32	1		-5	61	804
87	0.125	44	43	0	0	2/4	2	1	1/32	1/32	1		-7	59	805
697/8	0.125	44	43	1/32	1/32	2/4	2	1	1/32	1/32	1		-5	61	806
349/4	0.125	44	43	1/16	1/16	2/4	2	1	1/32	1/32	1		-3	63	807
699/8	0.125	44	43	3/32	3/32	2/4	2	1	1/32	1/32	1		-1	65	808
175/2	0.125	44	43	1/8	1/8	2/4	2	1	1/32	1/32	1		-6	66	809
701/8	0.125	44	43	5/32	5/32	2/4	2	1	1/32	1/32	1		-1	65	810
351/4	0.125	44	43	3/16	3/16	2/4	2	1	1/32	1/32	1		-3	63	811
703/8	0.125	44	43	7/32	7/32	2/4	2	1	1/32	1/32	1		-5	61	812
88	0.125	44	43	1/4	1/4	2/4	2	1	1/32	1/32	1		5	59	813
705/8	0.125	44	43	9/32	9/32	2/4	2	1	1/32	1/32	1		0	60	814
353/4	0.125	44	43	5/16	5/16	2/4	2	1	1/32	1/32	1		2	62	815
707/8	0.125	44	43	11/32	11/32	2/4	2	1	1/32	1/32	1		4	64	816
177/2	0.125	44	43	3/8	3/8	2/4	2	1	1/32	1/32	1		-1	65	817
709/8	0.125	44	43	13/32	13/32	2/4	2	1	1/32	1/32	1		4	64	818
355/4	0.125	44	43	7/16	7/16	2/4	2	1	1/32	1/32	1		2	62	819
711/8	0.125	44	43	15/32	15/32	2/4	2	1	1/32	1/32	1		0	60	820
89	0.125	45	44	0	0	2/4	2	1	1/32	1/32	1		-7	59	821
713/8	0.125	45	44	1/32	1/32	2/4	2	1	1/32	1/32	1		-5	61	822
357/4	0.125	45	44	1/16	1/16	2/4	2	1	1/32	1/32	1		-3	63	823
715/8	0.125	45	44	3/32	3/32	2/4	2	1	1/32	1/32	1		-1	65	824
179/2	0.125	45	44	1/8	1/8	2/4	2	1	1/32	1/32	1		-6	66	825
717/8	0.125	45	44	5/32	5/32	2/4	2	1	1/32	1/32	1		-1	65	826
359/4	0.125	45	44	3/16	3/16	2/4	2	1	1/32	1/32	1		-3	63	827
719/8	0.125	45	44	7/32	7/32	2/4	2	1	1/32	1/32	1		-5	61	828
90	0.125	45	44	1/4	1/4	2/4	2	1	1/32	1/32	1		5	59	829
721/8	0.125	45	44	9/32	9/32	2/4	2	1	1/32	1/32	1		0	60	830
361/4	0.125	45	44	5/16	5/16	2/4	2	1	1/32	1/32	1		2	62	831
723/8	0.125	45	44	11/32	11/32	2/4	2	1	1/32	1/32	1		4	64	832
181/2	0.125	45	44	3/8	3/8	2/4	2	1	1/32	1/32	1		-1	65	833
725/8	0.125	45	44	13/32	13/32	2/4	2	1	1/32	1/32	1		4	64	834
363/4	0.125	45	44	7/16	7/16	2/4	2	1	1/32	1/32	1		2	62	835
727/8	0.125	45	44	15/32	15/32	2/4	2	1	1/32	1/32	1		0	60	836
91	0.125	46	45	0	0	3/4	2	1	1/32	1/32	1		-4	56	837
91	0.25	46	45	0	0	3/4	2	2	1/16	1/16	1		-4	56	861
729/8	0.125	46	45	1/32	1/32	3/4	2	1	1/32	1/32	1		-2	58	838
365/4	0.125	46	45	1/16	1/16	3/4	2	1	1/32	1/32	1		-7	59	839
731/8	0.125	46	45	3/32	3/32	3/4	2	1	1/32	1/32	1		-5	61	840
183/2	0.125	46	45	1/8	1/8	3/4	2	1	1/32	1/32	1		-3	63	841
733/8	0.125	46	45	5/32	5/32	3/4	2	1	1/32	1/32	1		-5	61	842
367/4	0.125	46	45	3/16	3/16	3/4	2	1	1/32	1/32	1		-7	59	843
735/8	0.125	46	45	7/32	7/32	3/4	2	1	1/32	1/32	1		-2	58	844
92	0.125	46	45	1/4	1/4	3/4	2	1	1/32	1/32	1		1	55	845
92	0.25	46	45	1/4	1/4	3/4	2	2	1/16	1/16	1		1	55	862
737/8	0.125	46	45	9/32	9/32	3/4	2	1	1/32	1/32	1		3	57	846
369/4	0.125	46	45	5/16	5/16	3/4	2	1	1/32	1/32	1		5	59	847
739/8	0.125	46	45	11/32	11/32	3/4	2	1	1/32	1/32	1		0	60	848
185/2	0.125	46	45	3/8	3/8	3/4	2	1	1/32	1/32	1		2	62	849
741/8	0.125	46	45	13/32	13/32	3/4	2	1	1/32	1/32	1		0	60	850
371/4	0.125	46	45	7/16	7/16	3/4	2	1	1/32	1/32	1		5	59	851
743/8	0.125	46	45	15/32	15/32	3/4	2	1	1/32	1/32	1		3	57	852
93	0.125	46	45	1/2	1/2	3/4	2	1	1/32	1/32	1		-6	54	853
93	0.25	46	45	1/2	1/2	3/4	2	2	1/16	1/16	1		-6	54	863
745/8	0.125	46	45	17/32	17/32	3/4	2	1	1/32	1/32	1		-4	56	854
373/4	0.125	46	45	9/16	9/16	3/4	2	1	1/32	1/32	1		-2	58	855
747/8	0.125	46	45	19/32	19/32	3/4	2	1	1/32	1/32	1		-7	59	856
187/2	0.125	46	45	5/8	5/8	3/4	2	1	1/32	1/32	1		-5	61	857
749/8	0.125	46	45	21/32	21/32	3/4	2	1	1/32	1/32	1		-7	59	858
375/4	0.125	46	45	11/16	11/16	3/4	2	1	1/32	1/32	1		-2	58	859
751/8	0.125	46	45	23/32	23/32	3/4	2	1	1/32	1/32	1		-4	56	860
94	0.125	47	46	0	0	2/4	2	1	1/32	1/32	1		-1	53	864
753/8	0.125	47	46	1/32	1/32	2/4	2	1	1/32	1/32	1		-6	54	865
377/4	0.125	47	46	1/16	1/16	2/4	2	1	1/32	1/32	1		-4	56	866
755/8	0.125	47	46	3/32	3/32	2/4	2	1	1/32	1/32	1		-2	58	867
189/2	0.125	47	46	1/8	1/8	2/4	2	1	1/32	1/32	1		-7	59	868
757/8	0.125	47	46	5/32	5/32	2/4	2	1	1/32	1/32	1		-5	61	869
379/4	0.125	47	46	3/16	3/16	2/4	2	1	1/32	1/32	1		-3	63	870
759/8	0.125	47	46	7/32	7/32	2/4	2	1	1/32	1/32	1		-1	65	871
95	0.125	47	46	1/4	1/4	2/4	2	1	1/32	1/32	1		-4	68	872
761/8	0.125	47	46	9/32	9/32	2/4	2	1	1/32	1/32	1		-2	70	873
381/4	0.125	47	46	5/16	5/16	2/4	2	1	1/32	1/32	1		-7	71	874
763/8	0.125	47	46	11/32	11/32	2/4	2	1	1/32	1/32	1		-5	73	875
191/2	0.125	47	46	3/8	3/8	2/4	2	1	1/32	1/32	1		-3	75	876
765/8	0.125	47	46	13/32	13/32	2/4	2	1	1/32	1/32	1		-1	77	877
383/4	0.125	47	46	7/16	7/16	2/4	2	1	1/32	1/32	1		-6	78	878
767/8	0.125	47	46	15/32	15/32	2/4	2	1	1/32	1/32	1		-4	80	879
96	0.125	48	47	0	0	2/4	2	1	1/32	1/32	1		-7	83	880
769/8	0.125	48	47	1/32	1/32	2/4	2	1	1/32	1/32	1		-9	81	881
385/4	0.125	48	47	1/16	1/16	2/4	2	1	1/32	1/32	1		-4	80	882
771/8	0.125	48	47	3/32	3/32	2/4	2	1	1/32	1/32	1		-6	78	883
193/2	0.125	48	47	1/8	1/8	2/4	2	1	1/32	1/32	1		-8	76	884
773/8	0.125	48	47	5/32	5/32	2/4	2	1	1/32	1/32	1		-3	75	885
387/4	0.125	48	47	3/16	3/16	2/4	2	1	1/32	1/32	1		-5	73	886
775/8	0.125	48	47	7/32	7/32	2/4	2	1	1/32	1/32	1		-7	71	887
97	0.125	48	47	1/4	1/4	2/4	2	1	1/32	1/32	1		-9	69	888
777/8	0.125	48	47	9/32	9/32	2/4	2	1	1/32	1/32	1		-4	68	889
389/4	0.125	48	47	5/16	5/16	2/4	2	1	1/32	1/32	1		-6	66	890
779/8	0.125	48	47	11/32	11/32	2/4	2	1	1/32	1/32	1		-8	64	891
195/2	0.125	48	47	3/8	3/8	2/4	2	1	1/32	1/32	1		-5	61	892
781/8	0.125	48	47	13/32	13/32	2/4	2	1	1/32	1/32	1		-7	59	893
391/4	0.125	48	47	7/16	7/16	2/4	2	1	1/32	1/32	1		-9	57	894
783/8	0.125	48	47	15/32	15/32	2/4	2	1	1/32	1/32	1		-4	56	895
98	0.125	49	48	0	0	2/4	2	1	1/32	1/32	1		-1	53	896
785/8	0.125	49	48	1/32	1/32	2/4	2	1	1/32	1/32	1		-6	54	897
393/4	0.125	49	48	1/16	1/16	2/4	2	1	1/32	1/32	1		-4	56	898
787/8	0.125	49	48	3/32	3/32	2/4	2	1	1/32	1/32	1		-2	58	899
197/2	0.125	49	48	1/8	1/8	2/4	2	1	1/32	1/32	1		0	60	900
789/8	0.125	49	48	5/32	5/32	2/4	2	1	1/32	1/32	1		5	59	901
395/4	0.125	49	48	3/16	3/16	2/4	2	1	1/32	1/32	1		3	57	902
791/8	0.125	49	48	7/32	7/32	2/4	2	1	1/32	1/32	1		1	55	903
99	0.125	49	48	1/4	1/4	2/4	2	1	1/32	1/32	1		-4	56	904
793/8	0.125	49	48	9/32	9/32	2/4	2	1	1/32	1/32	1		-2	58	905
397/4	0.125	49	48	5/16	5/16	2/4	2	1	1/32	1/32	1		-7	59	906
795/8	0.125	49	48	11/32	11/32	2/4	2	1	1/32	1/32	1		-5	61	907
199/2	0.125	49	48	3/8	3/8	2/4	2	1	1/32	1/32	1		2	62	908
797/8	0.125	49	48	13/32	13/32	2/4	2	1	1/32	1/32	1		0	60	909
399/4	0.125	49	48	7/16	7/16	2/4	2	1	1/32	1/32	1		5	59	910
799/8	0.125	49	48	15/32	15/32	2/4	2	1	1/32	1/32	1		3	57	911
100	0.125	50	49	0	0	2/4	2	1	1/32	1/32	1		-1	53	912
801/8	0.125	50	49	1/32	1/32	2/4	2	1	1/32	1/32	1		-6	54	913
401/4	0.125	50	49	1/16	1/16	2/4	2	1	1/32	1/32	1		-4	56	914
803/8	0.125	50	49	3/32	3/32	2/4	2	1	1/32	1/32	1		-2	58	915
201/2	0.125	50	49	1/8	1/8	2/4	2	1	1/32	1/32	1		0	60	916
805/8	0.125	50	49	5/32	5/32	2/4	2	1	1/32	1/32	1		5	59	917
403/4	0.125	50	49	3/16	3/16	2/4	2	1	1/32	1/32	1		3	57	918
807/8	0.125	50	49	7/32	7/32	2/4	2	1	1/32	1/32	1		1	55	919
101	0.125	50	49	1/4	1/4	2/4	2	1	1/32	1/32	1		-4	56	920
809/8	0.125	50	49	9/32	9/32	2/4	2	1	1/32	1/32	1		-2	58	921
405/4	0.125	50	49	5/16	5/16	2/4	2	1	1/32	1/32	1		-7	59	922
811/8	0.125	50	49	11/32	11/32	2/4	2	1	1/32	1/32	1		-5	61	923
203/2	0.125	50	49	3/8	3/8	2/4	2	1	1/32	1/32	1		2	62	924
813/8	0.125	50	49	13/32	13/32	2/4	2	1	1/32	1/32	1		0	60	925
407/4	0.125	50	49	7/16	7/16	2/4	2	1	1/32	1/32	1		5	59	926
815/8	0.125	50	49	15/32	15/32	2/4	2	1	1/32	1/32	1		3	57	927
102	0.125	51	50	0	0	2/4	2	1	1/32	1/32	1		-5	61	928
817/8	0.125	51	50	1/32	1/32	2/4	2	1	1/32	1/32	1		-3	63	929
409/4	0.125	51	50	1/16	1/16	2/4	2	1	1/32	1/32	1		-1	65	930
819/8	0.125	51	50	3/32	3/32	2/4	2	1	1/32	1/32	1		-6	66	931
205/2	0.125	51	50	1/8	1/8	2/4	2	1	1/32	1/32	1		1	67	932
821/8	0.125	51	50	5/32	5/32	2/4	2	1	1/32	1/32	1		-1	65	933
411/4	0.125	51	50	3/16	3/16	2/4	2	1	1/32	1/32	1		4	64	934
823/8	0.125	51	50	7/32	7/32	2/4	2	1	1/32	1/32	1		2	62	935
103	0.125	51	50	1/4	1/4	2/4	2	1	1/32	1/32	1		-5	73	936
825/8	0.125	51	50	9/32	9/32	2/4	2	1	1/32	1/32	1		-3	75	937
413/4	0.125	51	50	5/16	5/16	2/4	2	1	1/32	1/32	1		-1	77	938
827/8	0.125	51	50	11/32	11/32	2/4	2	1	1/32	1/32	1		-6	78	939
207/2	0.125	51	50	3/8	3/8	2/4	2	1	1/32	1/32	1		1	79	940
829/8	0.125	51	50	13/32	13/32	2/4	2	1	1/32	1/32	1		-1	77	941
415/4	0.125	51	50	7/16	7/16	2/4	2	1	1/32	1/32	1		4	76	942
831/8	0.125	51	50	15/32	15/32	2/4	2	1	1/32	1/32	1		2	74	943
104	0.125	52	51	0	0	2/4	2	1	1/32	1/32	1		-5	85	944
833/8	0.125	52	51	1/32	1/32	2/4	2	1	1/32	1/32	1		-7	83	945
417/4	0.125	52	51	1/16	1/16	2/4	2	1	1/32	1/32	1		-2	82	946
835/8	0.125	52	51	3/32	3/32	2/4	2	1	1/32	1/32	1		-4	80	947
209/2	0.125	52	51	1/8	1/8	2/4	2	1	1/32	1/32	1		1	79	948
837/8	0.125	52	51	5/32	5/32	2/4	2	1	1/32	1/32	1		-1	77	949
419/4	0.125	52	51	3/16	3/16	2/4	2	1	1/32	1/32	1		4	76	950
839/8	0.125	52	51	7/32	7/32	2/4	2	1	1/32	1/32	1		2	74	951
105	0.125	52	51	1/4	1/4	2/4	2	1	1/32	1/32	1		-5	73	952
841/8	0.125	52	51	9/32	9/32	2/4	2	1	1/32	1/32	1		-7	71	953
421/4	0.125	52	51	5/16	5/16	2/4	2	1	1/32	1/32	1		-2	70	954
843/8	0.125	52	51	11/32	11/32	2/4	2	1	1/32	1/32	1		-4	68	955
211/2	0.125	52	51	3/8	3/8	2/4	2	1	1/32	1/32	1		1	67	956
845/8	0.125	52	51	13/32	13/32	2/4	2	1	1/32	1/32	1		-1	65	957
423/4	0.125	52	51	7/16	7/16	2/4	2	1	1/32	1/32	1		4	64	958
847/8	0.125	52	51	15/32	15/32	2/4	2	1	1/32	1/32	1		2	62	959
106	0.125	53	52	0	0	2/4	2	1	1/32	1/32	1		-5	61	960
849/8	0.125	53	52	1/32	1/32	2/4	2	1	1/32	1/32	1		-3	63	961
425/4	0.125	53	52	1/16	1/16	2/4	2	1	1/32	1/32	1		-1	65	962
851/8	0.125	53	52	3/32	3/32	2/4	2	1	1/32	1/32	1		-6	66	963
213/2	0.125	53	52	1/8	1/8	2/4	2	1	1/32	1/32	1		1	67	964
853/8	0.125	53	52	5/32	5/32	2/4	2	1	1/32	1/32	1		3	69	965
427/4	0.125	53	52	3/16	3/16	2/4	2	1	1/32	1/32	1		5	71	966
855/8	0.125	53	52	7/32	7/32	2/4	2	1	1/32	1/32	1		0	72	967
107	0.125	53	52	1/4	1/4	2/4	2	1	1/32	1/32	1		-5	73	968
857/8	0.125	53	52	9/32	9/32	2/4	2	1	1/32	1/32	1		-3	75	969
429/4	0.125	53	52	5/16	5/16	2/4	2	1	1/32	1/32	1		-1	77	970
859/8	0.125	53	52	11/32	11/32	2/4	2	1	1/32	1/32	1		-6	78	971
215/2	0.125	53	52	3/8	3/8	2/4	2	1	1/32	1/32	1		1	79	972
861/8	0.125	53	52	13/32	13/32	2/4	2	1	1/32	1/32	1		3	81	973
431/4	0.125	53	52	7/16	7/16	2/4	2	1	1/32	1/32	1		5	83	974
863/8	0.125	53	52	15/32	15/32	2/4	2	1	1/32	1/32	1		0	84	975
108	0.125	54	53	0	0	2/4	2	1	1/32	1/32	1		-3	87	976
865/8	0.125	54	53	1/32	1/32	2/4	2	1	1/32	1/32	1		-5	85	977
433/4	0.125	54	53	1/16	1/16	2/4	2	1	1/32	1/32	1		-7	83	978
867/8	0.125	54	53	3/32	3/32	2/4	2	1	1/32	1/32	1		-2	82	979
217/2	0.125	54	53	1/8	1/8	2/4	2	1	1/32	1/32	1		-4	80	980
869/8	0.125	54	53	5/32	5/32	2/4	2	1	1/32	1/32	1		-6	78	981
435/4	0.125	54	53	3/16	3/16	2/4	2	1	1/32	1/32	1		-1	77	982
871/8	0.125	54	53	7/32	7/32	2/4	2	1	1/32	1/32	1		-3	75	983
109	0.125	54	53	1/4	1/4	2/4	2	1	1/32	1/32	1		-5	73	984
873/8	0.125	54	53	9/32	9/32	2/4	2	1	1/32	1/32	1		-7	71	985
437/4	0.125	54	53	5/16	5/16	2/4	2	1	1/32	1/32	1		-2	70	986
875/8	0.125	54	53	11/32	11/32	2/4	2	1	1/32	1/32	1		-4	68	987
219/2	0.125	54	53	3/8	3/8	2/4	2	1	1/32	1/32	1		-6	66	988
877/8	0.125	54	53	13/32	13/32	2/4	2	1	1/32	1/32	1		-1	65	989
439/4	0.125	54	53	7/16	7/16	2/4	2	1	1/32	1/32	1		-3	63	990
879/8	0.125	54	53	15/32	15/32	2/4	2	1	1/32	1/32	1		-5	61	991
110	0.125	55	54	0	0	3/4	2	1	1/32	1/32	1		-4	56	992
110	0.5	55	54	0	0	3/4	2	2	1/8	1/8	1		-4	56	1016
881/8	0.125	55	54	1/32	1/32	3/4	2	1	1/32	1/32	1		0	60	993
441/4	0.125	55	54	1/16	1/16	3/4	2	1	1/32	1/32	1		2	62	994
883/8	0.125	55	54	3/32	3/32	3/4	2	1	1/32	1/32	1		4	64	995
221/2	0.125	55	54	1/8	1/8	3/4	2	1	1/32	1/32	1		3	69	996
885/8	0.125	55	54	5/32	5/32	3/4	2	1	1/32	1/32	1		6	66	997
443/4	0.125	55	54	3/16	3/16	3/4	2	1	1/32	1/32	1		4	64	998
887/8	0.125	55	54	7/32	7/32	3/4	2	1	1/32	1/32	1		2	62	999
111	0.125	55	54	1/4	1/4	3/4	2	1	1/32	1/32	1		0	60	1000
111	0.5	55	54	1/4	1/4	3/4	2	2	1/8	1/8	1		0	60	1017
889/8	0.125	55	54	9/32	9/32	3/4	2	1	1/32	1/32	1		-3	63	1001
445/4	0.125	55	54	5/16	5/16	3/4	2	1	1/32	1/32	1		-1	65	1002
891/8	0.125	55	54	11/32	11/32	3/4	2	1	1/32	1/32	1		1	67	1003
223/2	0.125	55	54	3/8	3/8	3/4	2	1	1/32	1/32	1		0	72	1004
893/8	0.125	55	54	13/32	13/32	3/4	2	1	1/32	1/32	1		3	69	1005
447/4	0.125	55	54	7/16	7/16	3/4	2	1	1/32	1/32	1		1	67	1006
895/8	0.125	55	54	15/32	15/32	3/4	2	1	1/32	1/32	1		-1	65	1007
112	0.125	55	54	1/2	1/2	3/4	2	1	1/32	1/32	1		2	62	1008
112	0.5	55	54	1/2	1/2	3/4	2	2	1/8	1/8	1		2	62	1018
897/8	0.125	55	54	17/32	17/32	3/4	2	1	1/32	1/32	1		6	66	1009
449/4	0.125	55	54	9/16	9/16	3/4	2	1	1/32	1/32	1		1	67	1010
899/8	0.125	55	54	19/32	19/32	3/4	2	1	1/32	1/32	1		3	69	1011
225/2	0.125	55	54	5/8	5/8	3/4	2	1	1/32	1/32	1		2	74	1012
901/8	0.125	55	54	21/32	21/32	3/4	2	1	1/32	1/32	1		0	72	1013
451/4	0.125	55	54	11/16	11/16	3/4	2	1	1/32	1/32	1		5	71	1014
903/8	0.125	55	54	23/32	23/32	3/4	2	1	1/32	1/32	1		3	69	1015
113	0.125	56	55	0	0	3/4	2	1	1/32	1/32	1		-3	63	1019
113	0.5	56	55	0	0	3/4	2	2	1/8	1/8	1		-3	63	1043
905/8	0.125	56	55	1/32	1/32	3/4	2	1	1/32	1/32	1		-6	66	1020
453/4	0.125	56	55	1/16	1/16	3/4	2	1	1/32	1/32	1		-4	68	1021
907/8	0.125	56	55	3/32	3/32	3/4	2	1	1/32	1/32	1		-2	70	1022
227/2	0.125	56	55	1/8	1/8	3/4	2	1	1/32	1/32	1		-3	75	1023
909/8	0.125	56	55	5/32	5/32	3/4	2	1	1/32	1/32	1		0	72	1024
455/4	0.125	56	55	3/16	3/16	3/4	2	1	1/32	1/32	1		-2	70	1025
911/8	0.125	56	55	7/32	7/32	3/4	2	1	1/32	1/32	1		-4	68	1026
114	0.125	56	55	1/4	1/4	3/4	2	1	1/32	1/32	1		-5	61	1027
114	0.5	56	55	1/4	1/4	3/4	2	2	1/8	1/8	1		-5	61	1044
913/8	0.125	56	55	9/32	9/32	3/4	2	1	1/32	1/32	1		-3	63	1028
457/4	0.125	56	55	5/16	5/16	3/4	2	1	1/32	1/32	1		-6	66	1029
915/8	0.125	56	55	11/32	11/32	3/4	2	1	1/32	1/32	1		-4	68	1030
229/2	0.125	56	55	3/8	3/8	3/4	2	1	1/32	1/32	1		-5	73	1031
917/8	0.125	56	55	13/32	13/32	3/4	2	1	1/32	1/32	1		-2	70	1032
459/4	0.125	56	55	7/16	7/16	3/4	2	1	1/32	1/32	1		-4	68	1033
919/8	0.125	56	55	15/32	15/32	3/4	2	1	1/32	1/32	1		-6	66	1034
115	0.125	56	55	1/2	1/2	3/4	2	1	1/32	1/32	1		-2	58	1035
115	0.5	56	55	1/2	1/2	3/4	2	2	1/8	1/8	1		-2	58	1045
921/8	0.125	56	55	17/32	17/32	3/4	2	1	1/32	1/32	1		0	60	1036
461/4	0.125	56	55	9/16	9/16	3/4	2	1	1/32	1/32	1		2	62	1037
923/8	0.125	56	55	19/32	19/32	3/4	2	1	1/32	1/32	1		4	64	1038
231/2	0.125	56	55	5/8	5/8	3/4	2	1	1/32	1/32	1		-2	70	1039
925/8	0.125	56	55	21/32	21/32	3/4	2	1	1/32	1/32	1		3	69	1040
463/4	0.125	56	55	11/16	11/16	3/4	2	1	1/32	1/32	1		-1	65	1041
927/8	0.125	56	55	23/32	23/32	3/4	2	1	1/32	1/32	1		4	64	1042
116	0.125	57	56	0	0	3/4	2	1	1/32	1/32	1		3	57	1046
116	0.5	57	56	0	0	3/4	2	2	1/8	1/8	1		3	57	1070
929/8	0.125	57	56	1/32	1/32	3/4	2	1	1/32	1/32	1		0	60	1047
465/4	0.125	57	56	1/16	1/16	3/4	2	1	1/32	1/32	1		2	62	1048
931/8	0.125	57	56	3/32	3/32	3/4	2	1	1/32	1/32	1		4	64	1049
233/2	0.125	57	56	1/8	1/8	3/4	2	1	1/32	1/32	1		3	69	1050
933/8	0.125	57	56	5/32	5/32	3/4	2	1	1/32	1/32	1		6	66	1051
467/4	0.125	57	56	3/16	3/16	3/4	2	1	1/32	1/32	1		4	64	1052
935/8	0.125	57	56	7/32	7/32	3/4	2	1	1/32	1/32	1		2	62	1053
117	0.125	57	56	1/4	1/4	3/4	2	1	1/32	1/32	1		0	60	1054
117	0.5	57	56	1/4	1/4	3/4	2	2	1/8	1/8	1		0	60	1071
937/8	0.125	57	56	9/32	9/32	3/4	2	1	1/32	1/32	1		-3	63	1055
469/4	0.125	57	56	5/16	5/16	3/4	2	1	1/32	1/32	1		-1	65	1056
939/8	0.125	57	56	11/32	11/32	3/4	2	1	1/32	1/32	1		1	67	1057
235/2	0.125	57	56	3/8	3/8	3/4	2	1	1/32	1/32	1		0	72	1058
941/8	0.125	57	56	13/32	13/32	3/4	2	1	1/32	1/32	1		3	69	1059
471/4	0.125	57	56	7/16	7/16	3/4	2	1	1/32	1/32	1		1	67	1060
943/8	0.125	57	56	15/32	15/32	3/4	2	1	1/32	1/32	1		-1	65	1061
118	0.125	57	56	1/2	1/2	3/4	2	1	1/32	1/32	1		2	62	1062
118	0.5	57	56	1/2	1/2	3/4	2	2	1/8	1/8	1		2	62	1072
945/8	0.125	57	56	17/32	17/32	3/4	2	1	1/32	1/32	1		6	66	1063
473/4	0.125	57	56	9/16	9/16	3/4	2	1	1/32	1/32	1		1	67	1064
947/8	0.125	57	56	19/32	19/32	3/4	2	1	1/32	1/32	1		3	69	1065
237/2	0.125	57	56	5/8	5/8	3/4	2	1	1/32	1/32	1		2	74	1066
949/8	0.125	57	56	21/32	21/32	3/4	2	1	1/32	1/32	1		0	72	1067
475/4	0.125	57	56	11/16	11/16	3/4	2	1	1/32	1/32	1		5	71	1068
951/8	0.125	57	56	23/32	23/32	3/4	2	1	1/32	1/32	1		3	69	1069
119	0.125	58	57	0	0	3/4	2	1	1/32	1/32	1		-3	63	1073
119	0.5	58	57	0	0	3/4	2	2	1/8	1/8	1		-3	63	1097
953/8	0.125	58	57	1/32	1/32	3/4	2	1	1/32	1/32	1		-6	66	1074
477/4	0.125	58	57	1/16	1/16	3/4	2	1	1/32	1/32	1		-4	68	1075
955/8	0.125	58	57	3/32	3/32	3/4	2	1	1/32	1/32	1		3	69	1076
239/2	0.125	58	57	1/8	1/8	3/4	2	1	1/32	1/32	1		-3	75	1077
957/8	0.125	58	57	5/32	5/32	3/4	2	1	1/32	1/32	1		0	72	1078
479/4	0.125	58	57	3/16	3/16	3/4	2	1	1/32	1/32	1		-2	70	1079
959/8	0.125	58	57	7/32	7/32	3/4	2	1	1/32	1/32	1		3	69	1080
120	0.125	58	57	1/4	1/4	3/4	2	1	1/32	1/32	1		-6	66	1081
120	0.5	58	57	1/4	1/4	3/4	2	2	1/8	1/8	1		-6	66	1098
961/8	0.125	58	57	9/32	9/32	3/4	2	1	1/32	1/32	1		3	69	1082
481/4	0.125	58	57	5/16	5/16	3/4	2	1	1/32	1/32	1		-2	70	1083
963/8	0.125	58	57	11/32	11/32	3/4	2	1	1/32	1/32	1		0	72	1084
241/2	0.125	58	57	3/8	3/8	3/4	2	1	1/32	1/32	1		-6	78	1085
965/8	0.125	58	57	13/32	13/32	3/4	2	1	1/32	1/32	1		-3	75	1086
483/4	0.125	58	57	7/16	7/16	3/4	2	1	1/32	1/32	1		-5	73	1087
967/8	0.125	58	57	15/32	15/32	3/4	2	1	1/32	1/32	1		0	72	1088
121	0.125	58	57	1/2	1/2	3/4	2	1	1/32	1/32	1		3	69	1089
121	0.5	58	57	1/2	1/2	3/4	2	2	1/8	1/8	1		3	69	1099
969/8	0.125	58	57	17/32	17/32	3/4	2	1	1/32	1/32	1		0	72	1090
485/4	0.125	58	57	9/16	9/16	3/4	2	1	1/32	1/32	1		-5	73	1091
971/8	0.125	58	57	19/32	19/32	3/4	2	1	1/32	1/32	1		-3	75	1092
243/2	0.125	58	57	5/8	5/8	3/4	2	1	1/32	1/32	1		3	81	1093
973/8	0.125	58	57	21/32	21/32	3/4	2	1	1/32	1/32	1		-6	78	1094
487/4	0.125	58	57	11/16	11/16	3/4	2	1	1/32	1/32	1		-1	77	1095
975/8	0.125	58	57	23/32	23/32	3/4	2	1	1/32	1/32	1		-3	75	1096
122	0.125	59	58	0	0	3/4	2	1	1/32	1/32	1		0	72	1100
122	0.5	59	58	0	0	3/4	2	2	1/8	1/8	1		0	72	1124
977/8	0.125	59	58	1/32	1/32	3/4	2	1	1/32	1/32	1		-3	75	1101
489/4	0.125	59	58	1/16	1/16	3/4	2	1	1/32	1/32	1		-1	77	1102
979/8	0.125	59	58	3/32	3/32	3/4	2	1	1/32	1/32	1		1	79	1103
245/2	0.125	59	58	1/8	1/8	3/4	2	1	1/32	1/32	1		0	84	1104
981/8	0.125	59	58	5/32	5/32	3/4	2	1	1/32	1/32	1		3	81	1105
491/4	0.125	59	58	3/16	3/16	3/4	2	1	1/32	1/32	1		1	79	1106
983/8	0.125	59	58	7/32	7/32	3/4	2	1	1/32	1/32	1		-1	77	1107
123	0.125	59	58	1/4	1/4	3/4	2	1	1/32	1/32	1		-3	75	1108
123	0.5	59	58	1/4	1/4	3/4	2	2	1/8	1/8	1		-3	75	1125
985/8	0.125	59	58	9/32	9/32	3/4	2	1	1/32	1/32	1		-1	77	1109
493/4	0.125	59	58	5/16	5/16	3/4	2	1	1/32	1/32	1		1	79	1110
987/8	0.125	59	58	11/32	11/32	3/4	2	1	1/32	1/32	1		3	81	1111
247/2	0.125	59	58	3/8	3/8	3/4	2	1	1/32	1/32	1		-3	87	1112
989/8	0.125	59	58	13/32	13/32	3/4	2	1	1/32	1/32	1		0	84	1113
495/4	0.125	59	58	7/16	7/16	3/4	2	1	1/32	1/32	1		-2	82	1114
991/8	0.125	59	58	15/32	15/32	3/4	2	1	1/32	1/32	1		3	81	1115
124	0.125	59	58	1/2	1/2	3/4	2	1	1/32	1/32	1		-5	73	1116
124	0.5	59	58	1/2	1/2	3/4	2	2	1/8	1/8	1		-5	73	1126
993/8	0.125	59	58	17/32	17/32	3/4	2	1	1/32	1/32	1		-6	78	1117
497/4	0.125	59	58	9/16	9/16	3/4	2	1	1/32	1/32	1		-4	80	1118
995/8	0.125	59	58	19/32	19/32	3/4	2	1	1/32	1/32	1		-2	82	1119
249/2	0.125	59	58	5/8	5/8	3/4	2	1	1/32	1/32	1		-5	85	1120
997/8	0.125	59	58	21/32	21/32	3/4	2	1	1/32	1/32	1		-2	82	1121
499/4	0.125	59	58	11/16	11/16	3/4	2	1	1/32	1/32	1		-4	80	1122
999/8	0.125	59	58	23/32	23/32	3/4	2	1	1/32	1/32	1		-6	78	1123
125	0.125	60	59	0	0	3/4	2	1	1/32	1/32	1		0	72	1127
125	0.5	60	59	0	0	3/4	2	2	1/8	1/8	1		0	72	1151
1001/8	0.125	60	59	1/32	1/32	3/4	2	1	1/32	1/32	1		-3	75	1128
501/4	0.125	60	59	1/16	1/16	3/4	2	1	1/32	1/32	1		-1	77	1129
1003/8	0.125	60	59	3/32	3/32	3/4	2	1	1/32	1/32	1		1	79	1130
251/2	0.125	60	59	1/8	1/8	3/4	2	1	1/32	1/32	1		0	84	1131
1005/8	0.125	60	59	5/32	5/32	3/4	2	1	1/32	1/32	1		3	81	1132
503/4	0.125	60	59	3/16	3/16	3/4	2	1	1/32	1/32	1		1	79	1133
1007/8	0.125	60	59	7/32	7/32	3/4	2	1	1/32	1/32	1		-1	77	1134
126	0.125	60	59	1/4	1/4	3/4	2	1	1/32	1/32	1		-3	75	1135
126	0.5	60	59	1/4	1/4	3/4	2	2	1/8	1/8	1		-3	75	1152
1009/8	0.125	60	59	9/32	9/32	3/4	2	1	1/32	1/32	1		-1	77	1136
505/4	0.125	60	59	5/16	5/16	3/4	2	1	1/32	1/32	1		1	79	1137
1011/8	0.125	60	59	11/32	11/32	3/4	2	1	1/32	1/32	1		3	81	1138
253/2	0.125	60	59	3/8	3/8	3/4	2	1	1/32	1/32	1		-3	87	1139
1013/8	0.125	60	59	13/32	13/32	3/4	2	1	1/32	1/32	1		0	84	1140
507/4	0.125	60	59	7/16	7/16	3/4	2	1	1/32	1/32	1		-2	82	1141
1015/8	0.125	60	59	15/32	15/32	3/4	2	1	1/32	1/32	1		3	81	1142
127	0.125	60	59	1/2	1/2	3/4	2	1	1/32	1/32	1		2	74	1143
127	0.5	60	59	1/2	1/2	3/4	2	2	1/8	1/8	1		2	74	1153
1017/8	0.125	60	59	17/32	17/32	3/4	2	1	1/32	1/32	1		-6	78	1144
509/4	0.125	60	59	9/16	9/16	3/4	2	1	1/32	1/32	1		-4	80	1145
1019/8	0.125	60	59	19/32	19/32	3/4	2	1	1/32	1/32	1		-2	82	1146
255/2	0.125	60	59	5/8	5/8	3/4	2	1	1/32	1/32	1		-5	85	1147
1021/8	0.125	60	59	21/32	21/32	3/4	2	1	1/32	1/32	1		-2	82	1148
511/4	0.125	60	59	11/16	11/16	3/4	2	1	1/32	1/32	1		-4	80	1149
1023/8	0.125	60	59	23/32	23/32	3/4	2	1	1/32	1/32	1		-6	78	1150
128	0.125	61	60	0	0	2/4	2	1	1/32	1/32	1		5	83	1170
128	0.125	61	60	0	0	2/4	1	1	1/32	1/32	1		-5	85	1154
1025/8	0.125	61	60	1/32	1/32	2/4	1	1	1/32	1/32	1		-2	82	1155
1025/8	0.125	61	60	1/32	1/32	2/4	2	1	1/32	1/32	1		0	84	1171
513/4	0.125	61	60	1/16	1/16	2/4	2	1	1/32	1/32	1		5	83	1172
513/4	0.125	61	60	1/16	1/16	2/4	1	1	1/32	1/32	1		-5	85	1156
1027/8	0.125	61	60	3/32	3/32	2/4	2	1	1/32	1/32	1		-4	80	1173
1027/8	0.125	61	60	3/32	3/32	2/4	1	1	1/32	1/32	1		-3	87	1157
257/2	0.125	61	60	1/8	1/8	2/4	2	1	1/32	1/32	1		5	83	1174
257/2	0.125	61	60	1/8	1/8	2/4	1	1	1/32	1/32	1		-5	85	1158
1029/8	0.125	61	60	5/32	5/32	2/4	1	1	1/32	1/32	1		-2	82	1159
1029/8	0.125	61	60	5/32	5/32	2/4	2	1	1/32	1/32	1		0	84	1175
515/4	0.125	61	60	3/16	3/16	2/4	2	1	1/32	1/32	1		5	83	1176
515/4	0.125	61	60	3/16	3/16	2/4	1	1	1/32	1/32	1		-5	85	1160
1031/8	0.125	61	60	7/32	7/32	2/4	2	1	1/32	1/32	1		-4	80	1177
1031/8	0.125	61	60	7/32	7/32	2/4	1	1	1/32	1/32	1		-3	87	1161
129	0.125	61	60	1/4	1/4	2/4	2	1	1/32	1/32	1		5	83	1178
129	0.125	61	60	1/4	1/4	2/4	1	1	1/32	1/32	1		-5	85	1162
1033/8	0.125	61	60	9/32	9/32	2/4	1	1	1/32	1/32	1		-2	82	1163
1033/8	0.125	61	60	9/32	9/32	2/4	2	1	1/32	1/32	1		0	84	1179
517/4	0.125	61	60	5/16	5/16	2/4	2	1	1/32	1/32	1		5	83	1180
517/4	0.125	61	60	5/16	5/16	2/4	1	1	1/32	1/32	1		-5	85	1164
1035/8	0.125	61	60	11/32	11/32	2/4	2	1	1/32	1/32	1		1	79	1181
1035/8	0.125	61	60	11/32	11/32	2/4	1	1	1/32	1/32	1		-3	87	1165
259/2	0.125	61	60	3/8	3/8	2/4	2	1	1/32	1/32	1		5	83	1182
259/2	0.125	61	60	3/8	3/8	2/4	1	1	1/32	1/32	1		-5	85	1166
1037/8	0.125	61	60	13/32	13/32	2/4	1	1	1/32	1/32	1		-2	82	1167
1037/8	0.125	61	60	13/32	13/32	2/4	2	1	1/32	1/32	1		0	84	1183
519/4	0.125	61	60	7/16	7/16	2/4	2	1	1/32	1/32	1		5	83	1184
519/4	0.125	61	60	7/16	7/16	2/4	1	1	1/32	1/32	1		-5	85	1168
1039/8	0.125	61	60	15/32	15/32	2/4	2	1	1/32	1/32	1		1	79	1185
1039/8	0.125	61	60	15/32	15/32	2/4	1	1	1/32	1/32	1		-3	87	1169
130	0.125	62	61	0	0	2/4	2	1	1/32	1/32	1		5	71	1202
130	0.125	62	61	0	0	2/4	1	1	1/32	1/32	1		-5	73	1186
1041/8	0.125	62	61	1/32	1/32	2/4	1	1	1/32	1/32	1		-2	70	1187
1041/8	0.125	62	61	1/32	1/32	2/4	2	1	1/32	1/32	1		0	72	1203
521/4	0.125	62	61	1/16	1/16	2/4	2	1	1/32	1/32	1		5	71	1204
521/4	0.125	62	61	1/16	1/16	2/4	1	1	1/32	1/32	1		-5	73	1188
1043/8	0.125	62	61	3/32	3/32	2/4	2	1	1/32	1/32	1		-4	68	1205
1043/8	0.125	62	61	3/32	3/32	2/4	1	1	1/32	1/32	1		-3	75	1189
261/2	0.125	62	61	1/8	1/8	2/4	2	1	1/32	1/32	1		5	71	1206
261/2	0.125	62	61	1/8	1/8	2/4	1	1	1/32	1/32	1		-5	73	1190
1045/8	0.125	62	61	5/32	5/32	2/4	1	1	1/32	1/32	1		-2	70	1191
1045/8	0.125	62	61	5/32	5/32	2/4	2	1	1/32	1/32	1		0	72	1207
523/4	0.125	62	61	3/16	3/16	2/4	2	1	1/32	1/32	1		5	71	1208
523/4	0.125	62	61	3/16	3/16	2/4	1	1	1/32	1/32	1		-5	73	1192
1047/8	0.125	62	61	7/32	7/32	2/4	2	1	1/32	1/32	1		-4	68	1209
1047/8	0.125	62	61	7/32	7/32	2/4	1	1	1/32	1/32	1		-3	75	1193
131	0.125	62	61	1/4	1/4	2/4	2	1	1/32	1/32	1		5	71	1210
131	0.125	62	61	1/4	1/4	2/4	1	1	1/32	1/32	1		-5	73	1194
1049/8	0.125	62	61	9/32	9/32	2/4	1	1	1/32	1/32	1		-2	70	1195
1049/8	0.125	62	61	9/32	9/32	2/4	2	1	1/32	1/32	1		0	72	1211
525/4	0.125	62	61	5/16	5/16	2/4	2	1	1/32	1/32	1		5	71	1212
525/4	0.125	62	61	5/16	5/16	2/4	1	1	1/32	1/32	1		-5	73	1196
1051/8	0.125	62	61	11/32	11/32	2/4	2	1	1/32	1/32	1		1	67	1213
1051/8	0.125	62	61	11/32	11/32	2/4	1	1	1/32	1/32	1		-3	75	1197
263/2	0.125	62	61	3/8	3/8	2/4	2	1	1/32	1/32	1		5	71	1214
263/2	0.125	62	61	3/8	3/8	2/4	1	1	1/32	1/32	1		-5	73	1198
1053/8	0.125	62	61	13/32	13/32	2/4	1	1	1/32	1/32	1		-2	70	1199
1053/8	0.125	62	61	13/32	13/32	2/4	2	1	1/32	1/32	1		0	72	1215
527/4	0.125	62	61	7/16	7/16	2/4	2	1	1/32	1/32	1		5	71	1216
527/4	0.125	62	61	7/16	7/16	2/4	1	1	1/32	1/32	1		-5	73	1200
1055/8	0.125	62	61	15/32	15/32	2/4	2	1	1/32	1/32	1		1	67	1217
1055/8	0.125	62	61	15/32	15/32	2/4	1	1	1/32	1/32	1		-3	75	1201
132	0.125	63	62	0	0	2/4	2	1	1/32	1/32	1		5	59	1234
132	0.125	63	62	0	0	2/4	1	1	1/32	1/32	1		-5	61	1218
1057/8	0.125	63	62	1/32	1/32	2/4	1	1	1/32	1/32	1		-2	58	1219
1057/8	0.125	63	62	1/32	1/32	2/4	2	1	1/32	1/32	1		0	60	1235
529/4	0.125	63	62	1/16	1/16	2/4	2	1	1/32	1/32	1		5	59	1236
529/4	0.125	63	62	1/16	1/16	2/4	1	1	1/32	1/32	1		-5	61	1220
1059/8	0.125	63	62	3/32	3/32	2/4	2	1	1/32	1/32	1		-4	56	1237
1059/8	0.125	63	62	3/32	3/32	2/4	1	1	1/32	1/32	1		-3	63	1221
265/2	0.125	63	62	1/8	1/8	2/4	2	1	1/32	1/32	1		5	59	1238
265/2	0.125	63	62	1/8	1/8	2/4	1	1	1/32	1/32	1		-5	61	1222
1061/8	0.125	63	62	5/32	5/32	2/4	1	1	1/32	1/32	1		-2	58	1223
1061/8	0.125	63	62	5/32	5/32	2/4	2	1	1/32	1/32	1		0	60	1239
531/4	0.125	63	62	3/16	3/16	2/4	2	1	1/32	1/32	1		5	59	1240
531/4	0.125	63	62	3/16	3/16	2/4	1	1	1/32	1/32	1		-5	61	1224
1063/8	0.125	63	62	7/32	7/32	2/4	2	1	1/32	1/32	1		1	55	1241
1063/8	0.125	63	62	7/32	7/32	2/4	1	1	1/32	1/32	1		-3	63	1225
133	0.125	63	62	1/4	1/4	2/4	2	1	1/32	1/32	1		5	59	1242
133	0.125	63	62	1/4	1/4	2/4	1	1	1/32	1/32	1		-5	61	1226
1065/8	0.125	63	62	9/32	9/32	2/4	1	1	1/32	1/32	1		-2	58	1227
1065/8	0.125	63	62	9/32	9/32	2/4	2	1	1/32	1/32	1		0	60	1243
533/4	0.125	63	62	5/16	5/16	2/4	2	1	1/32	1/32	1		5	59	1244
533/4	0.125	63	62	5/16	5/16	2/4	1	1	1/32	1/32	1		-5	61	1228
1067/8	0.125	63	62	11/32	11/32	2/4	2	1	1/32	1/32	1		-6	54	1245
1067/8	0.125	63	62	11/32	11/32	2/4	1	1	1/32	1/32	1		-3	63	1229
267/2	0.125	63	62	3/8	3/8	2/4	2	1	1/32	1/32	1		5	59	1246
267/2	0.125	63	62	3/8	3/8	2/4	1	1	1/32	1/32	1		-5	61	1230
1069/8	0.125	63	62	13/32	13/32	2/4	1	1	1/32	1/32	1		-2	58	1231
1069/8	0.125	63	62	13/32	13/32	2/4	2	1	1/32	1/32	1		0	60	1247
535/4	0.125	63	62	7/16	7/16	2/4	2	1	1/32	1/32	1		5	59	1248
535/4	0.125	63	62	7/16	7/16	2/4	1	1	1/32	1/32	1		-5	61	1232
1071/8	0.125	63	62	15/32	15/32	2/4	2	1	1/32	1/32	1		-6	54	1249
1071/8	0.125	63	62	15/32	15/32	2/4	1	1	1/32	1/32	1		-3	63	1233
134	0.125	64	63	0	0	2/4	2	1	1/32	1/32	1		5	59	1266
134	0.125	64	63	0	0	2/4	1	1	1/32	1/32	1		-5	61	1250
1073/8	0.125	64	63	1/32	1/32	2/4	1	1	1/32	1/32	1		-2	58	1251
1073/8	0.125	64	63	1/32	1/32	2/4	2	1	1/32	1/32	1		0	60	1267
537/4	0.125	64	63	1/16	1/16	2/4	2	1	1/32	1/32	1		5	59	1268
537/4	0.125	64	63	1/16	1/16	2/4	1	1	1/32	1/32	1		-5	61	1252
1075/8	0.125	64	63	3/32	3/32	2/4	2	1	1/32	1/32	1		-3	51	1269
1075/8	0.125	64	63	3/32	3/32	2/4	1	1	1/32	1/32	1		-3	63	1253
269/2	0.125	64	63	1/8	1/8	2/4	2	1	1/32	1/32	1		5	59	1270
269/2	0.125	64	63	1/8	1/8	2/4	1	1	1/32	1/32	1		-5	61	1254
1077/8	0.125	64	63	5/32	5/32	2/4	1	1	1/32	1/32	1		-2	58	1255
1077/8	0.125	64	63	5/32	5/32	2/4	2	1	1/32	1/32	1		0	60	1271
539/4	0.125	64	63	3/16	3/16	2/4	2	1	1/32	1/32	1		5	59	1272
539/4	0.125	64	63	3/16	3/16	2/4	1	1	1/32	1/32	1		-5	61	1256
1079/8	0.125	64	63	7/32	7/32	2/4	2	1	1/32	1/32	1		-6	54	1273
1079/8	0.125	64	63	7/32	7/32	2/4	1	1	1/32	1/32	1		-3	63	1257
135	0.125	64	63	1/4	1/4	2/4	2	1	1/32	1/32	1		5	59	1274
135	0.125	64	63	1/4	1/4	2/4	1	1	1/32	1/32	1		-5	61	1258
1081/8	0.125	64	63	9/32	9/32	2/4	1	1	1/32	1/32	1		-2	58	1259
1081/8	0.125	64	63	9/32	9/32	2/4	2	1	1/32	1/32	1		0	60	1275
541/4	0.125	64	63	5/16	5/16	2/4	2	1	1/32	1/32	1		5	59	1276
541/4	0.125	64	63	5/16	5/16	2/4	1	1	1/32	1/32	1		-5	61	1260
1083/8	0.125	64	63	11/32	11/32	2/4	2	1	1/32	1/32	1		-1	53	1277
1083/8	0.125	64	63	11/32	11/32	2/4	1	1	1/32	1/32	1		-3	63	1261
271/2	0.125	64	63	3/8	3/8	2/4	2	1	1/32	1/32	1		5	59	1278
271/2	0.125	64	63	3/8	3/8	2/4	1	1	1/32	1/32	1		-5	61	1262
1085/8	0.125	64	63	13/32	13/32	2/4	1	1	1/32	1/32	1		-2	58	1263
1085/8	0.125	64	63	13/32	13/32	2/4	2	1	1/32	1/32	1		0	60	1279
543/4	0.125	64	63	7/16	7/16	2/4	2	1	1/32	1/32	1		5	59	1280
543/4	0.125	64	63	7/16	7/16	2/4	1	1	1/32	1/32	1		-5	61	1264
1087/8	0.125	64	63	15/32	15/32	2/4	2	1	1/32	1/32	1		-3	51	1281
1087/8	0.125	64	63	15/32	15/32	2/4	1	1	1/32	1/32	1		-3	63	1265
136	0.125	65	64	0	0	2/4	2	1	1/32	1/32	1		-5	37	1290
1089/8	0.125	65	64	1/32	1/32	2/4	2	1	1/32	1/32	1		-3	39	1291
545/4	0.125	65	64	1/16	1/16	2/4	2	1	1/32	1/32	1		-6	42	1292
545/4	0.125	65	64	1/16	1/16	2/4	1	1	1/32	1/32	1		-5	61	1282
1091/8	0.125	65	64	3/32	3/32	2/4	2	1	1/32	1/32	1		-2	46	1293
1091/8	0.125	65	64	3/32	3/32	2/4	1	1	1/32	1/32	1		4	64	1283
273/2	0.125	65	64	1/8	1/8	2/4	2	1	1/32	1/32	1		-5	49	1294
1093/8	0.125	65	64	5/32	5/32	2/4	2	1	1/32	1/32	1		-3	51	1295
547/4	0.125	65	64	3/16	3/16	2/4	2	1	1/32	1/32	1		-6	54	1296
547/4	0.125	65	64	3/16	3/16	2/4	1	1	1/32	1/32	1		-5	73	1284
1095/8	0.125	65	64	7/32	7/32	2/4	2	1	1/32	1/32	1		-2	58	1297
1095/8	0.125	65	64	7/32	7/32	2/4	1	1	1/32	1/32	1		4	76	1285
137	0.125	65	64	1/4	1/4	2/4	2	1	1/32	1/32	1		-5	49	1298
1097/8	0.125	65	64	9/32	9/32	2/4	2	1	1/32	1/32	1		-3	51	1299
549/4	0.125	65	64	5/16	5/16	2/4	2	1	1/32	1/32	1		-6	54	1300
549/4	0.125	65	64	5/16	5/16	2/4	1	1	1/32	1/32	1		-5	73	1286
1099/8	0.125	65	64	11/32	11/32	2/4	2	1	1/32	1/32	1		-2	58	1301
1099/8	0.125	65	64	11/32	11/32	2/4	1	1	1/32	1/32	1		-3	75	1287
275/2	0.125	65	64	3/8	3/8	2/4	2	1	1/32	1/32	1		-5	61	1302
1101/8	0.125	65	64	13/32	13/32	2/4	2	1	1/32	1/32	1		-3	63	1303
551/4	0.125	65	64	7/16	7/16	2/4	1	1	1/32	1/32	1		-8	64	1288
551/4	0.125	65	64	7/16	7/16	2/4	2	1	1/32	1/32	1		-6	66	1304
1103/8	0.125	65	64	15/32	15/32	2/4	1	1	1/32	1/32	1		1	67	1289
1103/8	0.125	65	64	15/32	15/32	2/4	2	1	1/32	1/32	1		-2	70	1305
138	0.125	66	65	0	0	2/4	2	1	1/32	1/32	1		-5	61	1322
138	0.125	66	65	0	0	2/4	1	1	1/32	1/32	1		3	69	1306
1105/8	0.125	66	65	1/32	1/32	2/4	2	1	1/32	1/32	1		-3	63	1323
1105/8	0.125	66	65	1/32	1/32	2/4	1	1	1/32	1/32	1		1	67	1307
553/4	0.125	66	65	1/16	1/16	2/4	1	1	1/32	1/32	1		4	64	1308
553/4	0.125	66	65	1/16	1/16	2/4	2	1	1/32	1/32	1		-6	66	1324
1107/8	0.125	66	65	3/32	3/32	2/4	1	1	1/32	1/32	1		1	67	1309
1107/8	0.125	66	65	3/32	3/32	2/4	2	1	1/32	1/32	1		-2	70	1325
277/2	0.125	66	65	1/8	1/8	2/4	2	1	1/32	1/32	1		-5	61	1326
277/2	0.125	66	65	1/8	1/8	2/4	1	1	1/32	1/32	1		3	69	1310
1109/8	0.125	66	65	5/32	5/32	2/4	2	1	1/32	1/32	1		-3	63	1327
1109/8	0.125	66	65	5/32	5/32	2/4	1	1	1/32	1/32	1		1	67	1311
555/4	0.125	66	65	3/16	3/16	2/4	1	1	1/32	1/32	1		4	64	1312
555/4	0.125	66	65	3/16	3/16	2/4	2	1	1/32	1/32	1		-6	66	1328
1111/8	0.125	66	65	7/32	7/32	2/4	1	1	1/32	1/32	1		1	67	1313
1111/8	0.125	66	65	7/32	7/32	2/4	2	1	1/32	1/32	1		-2	70	1329
139	0.125	66	65	1/4	1/4	2/4	2	1	1/32	1/32	1		-5	61	1330
139	0.125	66	65	1/4	1/4	2/4	1	1	1/32	1/32	1		3	69	1314
1113/8	0.125	66	65	9/32	9/32	2/4	2	1	1/32	1/32	1		-3	63	1331
1113/8	0.125	66	65	9/32	9/32	2/4	1	1	1/32	1/32	1		1	67	1315
557/4	0.125	66	65	5/16	5/16	2/4	1	1	1/32	1/32	1		4	64	1316
557/4	0.125	66	65	5/16	5/16	2/4	2	1	1/32	1/32	1		-6	66	1332
1115/8	0.125	66	65	11/32	11/32	2/4	1	1	1/32	1/32	1		1	67	1317
1115/8	0.125	66	65	11/32	11/32	2/4	2	1	1/32	1/32	1		-2	70	1333
279/2	0.125	66	65	3/8	3/8	2/4	2	1	1/32	1/32	1		-5	61	1334
279/2	0.125	66	65	3/8	3/8	2/4	1	1	1/32	1/32	1		3	69	1318
1117/8	0.125	66	65	13/32	13/32	2/4	2	1	1/32	1/32	1		-3	63	1335
1117/8	0.125	66	65	13/32	13/32	2/4	1	1	1/32	1/32	1		1	67	1319
559/4	0.125	66	65	7/16	7/16	2/4	1	1	1/32	1/32	1		4	64	1320
559/4	0.125	66	65	7/16	7/16	2/4	2	1	1/32	1/32	1		-6	66	1336
1119/8	0.125	66	65	15/32	15/32	2/4	1	1	1/32	1/32	1		1	67	1321
1119/8	0.125	66	65	15/32	15/32	2/4	2	1	1/32	1/32	1		-2	70	1337
140	0.125	67	66	0	0	2/4	2	1	1/32	1/32	1		-1	65	1354
140	0.125	67	66	0	0	2/4	1	1	1/32	1/32	1		2	74	1338
1121/8	0.125	67	66	1/32	1/32	2/4	1	1	1/32	1/32	1		5	71	1339
1121/8	0.125	67	66	1/32	1/32	2/4	2	1	1/32	1/32	1		-5	73	1355
561/4	0.125	67	66	1/16	1/16	2/4	2	1	1/32	1/32	1		-4	68	1356
561/4	0.125	67	66	1/16	1/16	2/4	1	1	1/32	1/32	1		0	72	1340
1123/8	0.125	67	66	3/32	3/32	2/4	1	1	1/32	1/32	1		5	71	1341
1123/8	0.125	67	66	3/32	3/32	2/4	2	1	1/32	1/32	1		-5	73	1357
281/2	0.125	67	66	1/8	1/8	2/4	2	1	1/32	1/32	1		-1	65	1358
281/2	0.125	67	66	1/8	1/8	2/4	1	1	1/32	1/32	1		2	74	1342
1125/8	0.125	67	66	5/32	5/32	2/4	1	1	1/32	1/32	1		5	71	1343
1125/8	0.125	67	66	5/32	5/32	2/4	2	1	1/32	1/32	1		-5	73	1359
563/4	0.125	67	66	3/16	3/16	2/4	2	1	1/32	1/32	1		-4	68	1360
563/4	0.125	67	66	3/16	3/16	2/4	1	1	1/32	1/32	1		0	72	1344
1127/8	0.125	67	66	7/32	7/32	2/4	1	1	1/32	1/32	1		5	71	1345
1127/8	0.125	67	66	7/32	7/32	2/4	2	1	1/32	1/32	1		-5	73	1361
141	0.125	67	66	1/4	1/4	2/4	2	1	1/32	1/32	1		-1	65	1362
141	0.125	67	66	1/4	1/4	2/4	1	1	1/32	1/32	1		2	74	1346
1129/8	0.125	67	66	9/32	9/32	2/4	1	1	1/32	1/32	1		5	71	1347
1129/8	0.125	67	66	9/32	9/32	2/4	2	1	1/32	1/32	1		-5	73	1363
565/4	0.125	67	66	5/16	5/16	2/4	2	1	1/32	1/32	1		-4	68	1364
565/4	0.125	67	66	5/16	5/16	2/4	1	1	1/32	1/32	1		0	72	1348
1131/8	0.125	67	66	11/32	11/32	2/4	1	1	1/32	1/32	1		5	71	1349
1131/8	0.125	67	66	11/32	11/32	2/4	2	1	1/32	1/32	1		-5	73	1365
283/2	0.125	67	66	3/8	3/8	2/4	2	1	1/32	1/32	1		-1	65	1366
283/2	0.125	67	66	3/8	3/8	2/4	1	1	1/32	1/32	1		2	74	1350
1133/8	0.125	67	66	13/32	13/32	2/4	1	1	1/32	1/32	1		5	71	1351
1133/8	0.125	67	66	13/32	13/32	2/4	2	1	1/32	1/32	1		-5	73	1367
567/4	0.125	67	66	7/16	7/16	2/4	2	1	1/32	1/32	1		-4	68	1368
567/4	0.125	67	66	7/16	7/16	2/4	1	1	1/32	1/32	1		0	72	1352
1135/8	0.125	67	66	15/32	15/32	2/4	1	1	1/32	1/32	1		5	71	1353
1135/8	0.125	67	66	15/32	15/32	2/4	2	1	1/32	1/32	1		-5	73	1369
142	0.0625	68	67	0	0	2/4	1	1	1/64	1/64	1		-4	80	1370
2273/16	0.0625	68	67	1/64	1/64	2/4	1	1	1/64	1/64	1		-6	78	1371
1137/8	0.0625	68	67	1/32	1/32	2/4	1	1	1/64	1/64	1		-3	75	1372
2275/16	0.0625	68	67	3/64	3/64	2/4	2	1	1/64	1/64	1		-4	68	1378
2275/16	0.0625	68	67	3/64	3/64	2/4	1	1	1/64	1/64	1		-5	73	1373
569/4	0.0625	68	67	1/16	1/16	2/4	2	1	1/64	1/64	1		-6	66	1379
2277/16	0.0625	68	67	5/64	5/64	2/4	2	1	1/64	1/64	1		-3	63	1380
1139/8	0.0625	68	67	3/32	3/32	2/4	2	1	1/64	1/64	1		-5	61	1381
285/2	0.0625	68	67	1/8	1/8	2/4	1	1	1/64	1/64	1		-4	56	1374
2281/16	0.0625	68	67	9/64	9/64	2/4	1	1	1/64	1/64	1		-6	54	1375
1141/8	0.0625	68	67	5/32	5/32	2/4	1	1	1/64	1/64	1		-3	51	1376
2283/16	0.0625	68	67	11/64	11/64	2/4	1	1	1/64	1/64	1		-5	49	1377
571/4	0.0625	68	67	3/16	3/16	2/4	2	1	1/64	1/64	1		-4	44	1382
2285/16	0.0625	68	67	13/64	13/64	2/4	2	1	1/64	1/64	1		-6	42	1383
1143/8	0.0625	68	67	7/32	7/32	2/4	2	1	1/64	1/64	1		-3	39	1384
2287/16	0.0625	68	67	15/64	15/64	2/4	2	1	1/64	1/64	1		-5	37	1385
143	0.5	68	67	1/4	1/4	2/4	2	1	1/8	1/8	1		-6	30	1386
144	0.5	69	68	0	0	2/4	2	1	1/8	1/8	1		-6	30	1388
144	0.5	69	68	0	0	2/4	1	1	1/8	1/8	1		-6	90	1387
